id,player_name,games,time,goals,xG,assists,xA,shots,key_passes,yellow_cards,red_cards,position,team_title,npg,npxG,xGChain,xGBuildup
8260,Erling Haaland,4,355,6,4.720618188381195,1,1.096818134188652,20,6,0,0,F,Manchester City,5,3.198280453681946,4.243555068969727,0.5024585798382759
6552,Bryan Mbeumo,4,360,4,3.798690915107727,0,0.47218552231788635,9,5,0,0,F,Brentford,2,2.276353180408478,3.4031228870153427,1.0115868896245956
10177,Evan Ferguson,4,205,4,2.2254600673913956,0,0.06968338042497635,13,1,0,0,F S,Brighton,4,2.2254600673913956,2.667408235371113,0.37226477637887
453,Son Heung-Min,4,343,3,1.4514826834201813,0,1.3192270509898663,10,9,0,0,F M,Tottenham,3,1.4514826834201813,4.069049090147018,1.541113331913948
1776,Jarrod Bowen,4,360,3,1.852049708366394,1,0.8080089539289474,13,4,1,0,M,West Ham,3,1.852049708366394,2.132258176803589,0.35537485778331757
3697,Odsonne Edouard,4,342,3,3.0324513763189316,0,0.2072524130344391,19,3,0,0,F,Crystal Palace,3,3.0324513763189316,2.744321569800377,0.3521137423813343
6049,Solly March,4,324,3,2.172745257616043,0,0.1520106978714466,11,5,0,0,M,Brighton,3,2.172745257616043,3.237823724746704,1.1398873031139374
7814,Taiwo Awoniyi,4,253,3,2.2981733083724976,1,0.45566320419311523,7,4,0,0,F S,Nottingham Forest,3,2.2981733083724976,2.09539857506752,0.015222105197608471
468,Callum Wilson,4,76,2,1.6458185389637947,0,0.015900330618023872,7,1,0,0,S,Newcastle United,2,1.6458185389637947,1.7647592965513468,0.1030404269695282
531,Michail Antonio,4,329,2,0.9052570015192032,0,0.15586480498313904,5,1,1,0,F,West Ham,2,0.9052570015192032,2.1987280398607254,1.1376062035560608
618,Raheem Sterling,4,358,2,1.5475750043988228,0,0.9067768380045891,9,6,0,0,M,Chelsea,2,1.5475750043988228,4.516494452953339,2.3512800857424736
1250,Mohamed Salah,4,354,2,3.051010400056839,2,1.549212247133255,14,7,0,0,F,Liverpool,2,2.2898415625095367,2.727378189563751,0.6148081719875336
1679,Dominic Solanke,4,360,2,1.9277420565485954,1,0.24999123811721802,9,6,0,0,F,Bournemouth,2,1.9277420565485954,2.196756213903427,0.08974084258079529
2496,Rodri,4,353,2,1.057547777891159,1,0.5278989188373089,9,2,1,0,M,Manchester City,2,1.057547777891159,3.9699942767620087,3.670251578092575
2517,Martin Odegaard,4,356,2,1.3025853112339973,0,0.13946469873189926,14,2,0,0,M,Arsenal,1,0.5414532609283924,2.7732569575309753,2.1832747757434845
5232,Alexander Isak,4,300,2,1.6722202897071838,0,0.04466302692890167,8,1,0,0,F,Newcastle United,2,1.6722202897071838,1.9089746177196503,0.7165845483541489
5786,Yoane Wissa,4,344,2,1.9205424934625626,0,0.07477104663848877,15,2,0,0,F,Brentford,2,1.9205424934625626,2.1650443971157074,1.0294761061668396
6482,Eddie Nketiah,4,281,2,1.7406337410211563,0,0.3231582045555115,11,5,0,0,F S,Arsenal,2,1.7406337410211563,2.260470688343048,0.46652770787477493
6556,Moussa Diaby,4,329,2,0.8467069044709206,1,1.9336974620819092,9,7,0,0,F M,Aston Villa,2,0.8467069044709206,3.5196747332811356,1.8412092700600624
6818,James Maddison,4,348,2,1.5790969729423523,2,1.1814547665417194,12,10,1,0,M,Tottenham,2,1.5790969729423523,4.275703072547913,2.546371728181839
7218,Cristian Romero,4,283,2,0.7221086248755455,0,0,3,0,0,0,D,Tottenham,2,0.7221086248755455,2.9626790285110474,2.9626790285110474
7322,Bukayo Saka,4,360,2,2.3411490619182587,1,0.9932093769311905,12,14,1,0,F,Arsenal,1,1.5799802839756012,3.1159234046936035,1.223930075764656
7498,Lyle Foster,3,264,2,1.1294860392808914,0,0.08497358672320843,5,2,0,0,F M,Burnley,2,1.1294860392808914,1.5444395765662193,0.3939636331051588
8845,Hee-Chan Hwang,4,133,2,0.34021175652742386,0,0.6011396646499634,6,1,1,0,M S,Wolverhampton Wanderers,2,0.34021175652742386,0.7106867590919137,0.48809050116688013
8864,Matthew Cash,4,360,2,2.1313175819814205,0,0.09815222769975662,9,1,1,0,D M,Aston Villa,2,2.1313175819814205,2.6339314356446266,1.024762585759163
10408,Luis Díaz,4,275,2,1.3127783387899399,0,0.3413136154413223,9,3,0,0,F,Liverpool,2,1.3127783387899399,1.9923838376998901,0.9624704867601395
10720,Darwin Núñez,4,96,2,1.7888403981924057,1,0.5849390625953674,9,1,1,0,F S,Liverpool,2,1.7888403981924057,1.8229738920927048,0.33297866582870483
10846,Julián Álvarez,4,360,2,2.297174334526062,1,0.8731478750705719,14,12,1,0,M,Manchester City,2,2.297174334526062,3.8513611555099487,1.2729781866073608
239,Pascal Groß,4,353,1,0.520846351981163,0,1.181119142100215,8,15,1,0,M,Brighton,1,0.520846351981163,3.793329894542694,2.968081474304199
556,Marcus Rashford,4,358,1,1.8545036539435387,1,0.5157439298927784,14,5,1,0,F M,Manchester United,1,1.8545036539435387,3.716037303209305,1.636196717619896
579,Nathan Aké,3,264,1,0.23157479614019394,0,0,3,0,0,0,D,Manchester City,1,0.23157479614019394,1.378809779882431,1.378809779882431
646,Christian Eriksen,4,221,1,0.20758188143372536,1,0.339555487036705,2,4,0,0,M S,Manchester United,1,0.20758188143372536,1.7851742710918188,1.2847943734377623
843,James Ward-Prowse,3,270,1,1.061242589727044,3,0.8192325830459595,4,3,1,0,M,West Ham,1,1.061242589727044,1.9025266822427511,0.8412839751690626
922,Andreas Pereira,4,256,1,0.023748640902340412,0,0.08853612467646599,2,3,1,0,M S,Fulham,1,0.023748640902340412,0.39683620631694794,0.333110973238945
935,Kurt Zouma,4,360,1,0.3709331154823303,0,0,1,0,0,0,D,West Ham,1,0.3709331154823303,0.7464145291596651,0.7464145291596651
1228,Bruno Fernandes,4,360,1,2.213971149176359,1,2.3903048634529114,13,14,2,0,M,Manchester United,0,1.4528022520244122,3.7279496788978577,1.8847323954105377
1726,Abdoulaye Doucouré,4,360,1,2.5328870117664337,0,1.0609802044928074,8,7,1,0,M,Everton,1,2.5328870117664337,2.5137087553739548,0.4409106820821762
2245,Raphael Varane,3,229,1,0.9178637377917767,0,0,4,0,0,0,D,Manchester United,1,0.9178637377917767,1.5801122039556503,0.7910308688879013
2248,Casemiro,4,360,1,1.6071484088897705,0,0.3683496117591858,9,2,0,0,M,Manchester United,1,1.6071484088897705,2.492708444595337,1.9649444669485092
4456,Chris Wood,4,31,1,0.11083554476499557,0,0.09756432473659515,1,2,0,0,S,Nottingham Forest,1,0.11083554476499557,0.17150022834539413,0
5136,Estupiñán,4,360,1,0.6273901937529445,2,2.0448221787810326,6,12,2,0,D,Brighton,1,0.6273901937529445,4.539102166891098,3.5398470759391785
5221,Leon Bailey,3,180,1,0.5992322564125061,1,0.760364443063736,2,2,0,0,M S,Aston Villa,1,0.5992322564125061,1.7600538581609726,0.49860940128564835
5543,Gabriel Jesus,2,12,1,0.680549219250679,0,0.019559655338525772,2,1,1,0,S,Arsenal,1,0.680549219250679,1.1156889200210571,0.4725034832954407
5553,Declan Rice,4,360,1,0.22970012575387955,0,0.4535524845123291,5,1,0,0,M,Arsenal,1,0.22970012575387955,1.8601204976439476,1.7392830327153206
6122,Douglas Luiz,4,328,1,0.9703840911388397,0,0.3940567821264267,5,4,2,0,M,Aston Villa,0,0.20921525359153748,2.785021260380745,2.6419524997472763
6314,Joachim Andersen,4,360,1,0.1487177386879921,0,0.3751426935195923,3,7,0,0,D,Crystal Palace,1,0.1487177386879921,2.316177576780319,2.030553638935089
6681,Harvey Barnes,4,70,1,0.663573557510972,1,1.1135693788528442,4,2,1,0,S,Newcastle United,1,0.663573557510972,1.8709503337740898,0.6867452822625637
6691,Dejan Kulusevski,4,360,1,0.7928524538874626,0,0.3104582652449608,7,6,1,0,M,Tottenham,1,0.7928524538874626,3.0681017637252808,2.0924321711063385
6820,David Brooks,4,125,1,1.1339783445000648,0,0.425904905423522,6,3,0,0,M S,Bournemouth,1,1.1339783445000648,1.489361971616745,0.017050348222255707
6827,Bobby Reid,4,283,1,1.749249890446663,0,0.12214888632297516,7,1,1,0,F S,Fulham,1,1.749249890446663,1.4811238050460815,0.050611864775419235
6850,Willy Boly,4,341,1,0.498039074242115,0,0.15999659895896912,5,1,1,0,D,Nottingham Forest,1,0.498039074242115,0.25098301842808723,0.03032173588871956
6854,Diogo Jota,4,202,1,1.1839323341846466,0,0.23419640213251114,7,4,1,0,F S,Liverpool,1,1.1839323341846466,1.561241239309311,0.4017451759427786
6885,Axel Disasi,4,360,1,0.7798606175929308,0,0.06464161723852158,5,1,1,0,D,Chelsea,1,0.7798606175929308,2.943025127053261,2.9281836301088333
6935,Naif Aguerd,3,256,1,0.3899350166320801,0,0.028035087510943413,1,1,0,1,D,West Ham,1,0.3899350166320801,0.1064841914921999,0.1064841914921999
7080,Matheus Cunha,4,346,1,1.9256974905729294,0,0.5814171880483627,10,4,0,0,F M,Wolverhampton Wanderers,1,1.9256974905729294,1.9756975173950195,0.19899493549019098
7166,Mathias Jensen,4,307,1,0.1676938273012638,0,0.7769603505730629,3,8,1,0,M,Brentford,1,0.1676938273012638,2.116877093911171,1.8025437761098146
7184,Tim Ream,3,246,1,0.960849940776825,0,0,1,0,0,1,D,Fulham,1,0.960849940776825,0.4210279043763876,0.4210279043763876
7365,Lucas Paquetá,4,359,1,1.436968982219696,1,1.2867618724703789,7,7,2,0,M,West Ham,0,0.6758001446723938,2.268696591258049,0.9004263170063496
7430,Emerson,3,92,1,0.03262129798531532,0,0,1,0,0,0,D S,Tottenham,1,0.03262129798531532,0.42484379559755325,0.39222250133752823
7723,John McGinn,4,345,1,0.8876389563083649,0,0.37291424348950386,3,3,0,0,M,Aston Villa,1,0.8876389563083649,2.7831252962350845,1.6094197444617748
7958,Sandro Tonali,4,296,1,0.8581285923719406,0,0.26688503473997116,3,3,2,0,M,Newcastle United,1,0.8581285923719406,2.6318521797657013,1.5235034972429276
8066,Arnaut Danjuma Groeneveld,4,250,1,2.293025493621826,0,0.19545911252498627,14,2,0,0,F M S,Everton,1,2.293025493621826,2.467307336628437,0.09537248313426971
8150,Anthony Gordon,4,304,1,0.7798797190189362,1,1.0907041132450104,8,5,3,0,F,Newcastle United,1,0.7798797190189362,2.72429658472538,1.7386176083236933
8272,João Pedro,4,225,1,1.8093677014112473,0,0.17725419346243143,9,4,1,0,M S,Brighton,0,1.048198863863945,1.594070941209793,0.5907969139516354
8323,Josh Brownhill,2,40,1,0.16472366452217102,0,0.03140951320528984,3,1,1,0,S,Burnley,1,0.16472366452217102,0.16472366452217102,0.09877905249595642
8706,Eberechi Eze,4,360,1,1.6230396628379822,0,1.1860143542289734,19,13,0,0,M,Crystal Palace,1,1.6230396628379822,3.464340418577194,1.9116030633449554
8812,Sasa Kalajdzic,3,10,1,0.5301117897033691,0,0.08854648470878601,1,1,0,0,S,Wolverhampton Wanderers,1,0.5301117897033691,0.6186582744121552,0
9021,Pape Sarr,4,220,1,1.8980180770158768,1,0.5770610515028238,10,4,1,0,M S,Tottenham,1,1.8980180770158768,3.8332244008779526,2.167022481560707
9156,Kevin Schade,4,235,1,0.7730838060379028,0,0.5565383434295654,5,3,0,0,F S,Brentford,1,0.7730838060379028,1.0614817440509796,0.13608728349208832
9205,Jayden Bogle,1,14,1,0.05779503658413887,0,0,1,0,0,0,S,Sheffield United,1,0.05779503658413887,0.05779503658413887,0
9356,Carney Chukwuemeka,2,143,1,0.06899454444646835,0,0.1046014130115509,1,2,2,0,M,Chelsea,1,0.06899454444646835,0.2478587105870247,0.07426274567842484
9524,Anthony Elanga,4,72,1,0.5795837454497814,1,0.6872300505638123,5,2,0,0,S,Nottingham Forest,1,0.5795837454497814,1.2299141585826874,0
9788,Dominik Szoboszlai,4,360,1,0.29295466281473637,0,0.7276994017884135,8,7,0,0,M,Liverpool,1,0.29295466281473637,2.01060189306736,1.5643853545188904
9912,Cameron Archer,2,80,1,0.12320507317781448,0,0,2,0,1,0,F S,"Aston Villa,Sheffield United",1,0.12320507317781448,0.2045516073703766,0.0813465416431427
10048,Nicolas Jackson,4,355,1,3.7072464525699615,0,0.5723921209573746,15,3,3,0,F,Chelsea,1,3.7072464525699615,4.6019861325621605,0.8451289162039757
10715,João Palhinha,2,110,1,0.13274450600147247,0,0,2,0,1,0,M S,Fulham,1,0.13274450600147247,0.12214888632297516,0.12214888632297516
10806,Kaoru Mitoma,4,353,1,0.7941503189504147,3,2.0108523070812225,8,14,2,0,M,Brighton,1,0.7941503189504147,4.623990893363953,2.471905816346407
11363,Antoine Semenyo,4,235,1,0.5993703193962574,0,0.29836735129356384,9,1,1,0,M S,Bournemouth,1,0.5993703193962574,1.3309483751654625,0.43321072310209274
11366,Jhon Durán,3,21,1,0.43653466179966927,0,0.011847329325973988,3,1,0,0,S,Aston Villa,1,0.43653466179966927,0.44838200882077217,0
11710,Simon Adingra,3,30,1,0.6393942534923553,0,0.03362760692834854,2,1,0,0,S,Brighton,1,0.6393942534923553,0.8863185197114944,0.21329664438962936
11715,Mads Andersen,3,178,1,0.6246448755264282,0,0,2,0,1,0,D S,Luton,1,0.6246448755264282,0.6146718375384808,0.04231686517596245
11717,Carlton Morris,3,270,1,1.123658649623394,1,0.6016847565770149,9,2,0,0,F,Luton,0,0.36248981207609177,2.0275359600782394,1.1652709767222404
11839,Gustavo Hamer,3,270,1,0.18018134497106075,0,0.20275863260030746,4,4,1,0,M,Sheffield United,1,0.18018134497106075,0.39845968410372734,0.08886141330003738
76,Fabian Schär,4,360,0,0.11091961711645126,0,0,2,0,1,0,D,Newcastle United,0,0.11091961711645126,2.2888834327459335,2.2888834327459335
87,Joelinton,4,296,0,0.3595421388745308,0,0.33144595474004745,4,5,1,0,M,Newcastle United,0,0.3595421388745308,2.8924437314271927,2.4919281899929047
181,Bernd Leno,4,360,0,0,0,0,0,0,0,0,GK,Fulham,0,0,0,0
205,Mahmoud Dahoud,3,93,0,0.04306378960609436,0,0.13815396651625633,2,3,1,0,M S,Brighton,0,0.04306378960609436,1.0695585682988167,1.0036433413624763
332,Joel Matip,2,171,0,0.43119096010923386,0,0.021919487044215202,2,1,0,0,D,Liverpool,0,0.43119096010923386,0.7398220896720886,0.7398220896720886
343,Pierre-Emile Højbjerg,3,53,0,0,0,0,0,0,1,0,S,Tottenham,0,0,1.4234334230422974,1.4234334230422974
447,Kevin De Bruyne,1,22,0,0.01889444887638092,0,0.13024680316448212,1,1,0,0,M,Manchester City,0,0.01889444887638092,0.14914125204086304,0
448,Ivan Perisic,4,64,0,0.09073095768690109,0,0.8222255557775497,1,4,1,0,S,Tottenham,0,0.09073095768690109,1.66363725066185,0.8895864188671112
486,Adam Lallana,3,40,0,0,0,0.05713994801044464,0,2,1,0,S,Brighton,0,0,0.11286783218383789,0.0773843452334404
488,Philippe Coutinho,2,18,0,0.14225715398788452,0,0,3,0,0,0,S,Aston Villa,0,0.14225715398788452,0.14225715398788452,0.011847329325973988
489,James Milner,4,222,0,0,0,0.3136484622955322,0,1,2,0,D S,Brighton,0,0,1.7300463914871216,1.7300463914871216
500,Alex Iwobi,2,150,0,0.33197319507598877,0,0.22673148661851883,4,4,0,0,M,Everton,0,0.33197319507598877,1.863471359014511,1.4011099338531494
501,Danny Welbeck,3,202,0,0.4863495510071516,0,0.2626246511936188,7,3,0,0,F M,Brighton,0,0.4863495510071516,2.1241772174835205,1.4920593053102493
510,Joel Ward,4,355,0,0.018513647839426994,0,0,1,0,1,0,D,Crystal Palace,0,0.018513647839426994,2.038268469274044,2.038268469274044
528,Angelo Ogbonna,2,102,0,0,0,0,0,0,0,0,D S,West Ham,0,0,0.09207619726657867,0.09207619726657867
530,James Tomkins,1,1,0,0,0,0,0,0,0,0,S,Crystal Palace,0,0,0,0
532,Cheikhou Kouyaté,4,31,0,0.01924874819815159,0,0.05584664270281792,1,1,1,0,S,Nottingham Forest,0,0.01924874819815159,0.11651132628321648,0.06066468358039856
553,Anthony Martial,3,135,0,0.12810945138335228,0,0.0888878796249628,2,3,0,0,F S,Manchester United,0,0.12810945138335228,0.4351540803909302,0.23312746360898018
561,Joe Rothwell,3,221,0,0.025902098044753075,0,0.046737147495150566,1,2,0,0,M,Bournemouth,0,0.025902098044753075,0.39726758748292923,0.3719159737229347
592,Ross Barkley,2,152,0,0.2362275794148445,0,0.5400264263153076,4,4,0,0,M,Luton,0,0.2362275794148445,0.30809712409973145,0.14892219193279743
631,Ashley Young,4,360,0,0.06089120730757713,0,1.3307978510856628,1,7,0,0,D,Everton,0,0.06089120730757713,1.555836446583271,1.25606257468462
638,Kyle Walker,4,360,0,0.03302517160773277,0,0.25612413976341486,2,5,0,0,D,Manchester City,0,0.03302517160773277,2.942982017993927,2.7739084661006927
652,Kieran Trippier,4,360,0,0,0,0.7421591449528933,0,11,1,0,D,Newcastle United,0,0,2.560629740357399,2.3270090967416763
660,Ben Davies,2,20,0,0.5836996138095856,0,0,3,0,0,0,S,Tottenham,0,0.5836996138095856,0.8367279469966888,0.25302834063768387
668,Idrissa Gueye,4,325,0,0.07172217220067978,0,0.04702720418572426,2,1,1,0,M,Everton,0,0.07172217220067978,2.496963620185852,2.4499365091323853
672,Jordan Ayew,4,360,0,1.3352972716093063,2,1.040465697646141,12,7,1,0,M,Crystal Palace,0,1.3352972716093063,2.3114949762821198,1.1384435147047043
675,Jack Grealish,2,180,0,0.3742937296628952,1,0.7501034736633301,5,6,0,0,M,Manchester City,0,0.3742937296628952,2.1389970183372498,1.2037779092788696
695,Bertrand Traoré,1,6,0,0,0,0,0,0,0,0,S,Aston Villa,0,0,0,0
700,Willian,3,77,0,0.07383478432893753,0,0.01620519533753395,1,1,1,0,F S,Fulham,0,0.07383478432893753,0,0
712,Jack Cork,1,11,0,0,0,0,0,0,0,0,S,Burnley,0,0,0.16922533512115479,0.16922533512115479
725,Ola Aina,3,246,0,0.0158710777759552,0,0,1,0,3,0,D,Nottingham Forest,0,0.0158710777759552,0.0158710777759552,0
741,Jordan Pickford,4,360,0,0,0,0.008094483986496925,0,1,1,0,GK,Everton,0,0,0.7047835942357779,0.7047835942357779
757,Jeffrey Schlupp,4,312,0,0.29055989533662796,0,0.3259454034268856,5,6,0,0,M,Crystal Palace,0,0.29055989533662796,1.8695007637143135,1.356650933623314
766,Jamaal Lascelles,1,14,0,0,0,0,0,0,0,0,S,Newcastle United,0,0,0.3524409830570221,0.3524409830570221
773,Aleksandar Mitrovic,1,31,0,0.1909874528646469,0,0,2,0,0,0,S,Fulham,0,0.1909874528646469,0.1909874528646469,0
782,Ben Chilwell,4,315,0,0.7204372435808182,1,1.2869001626968384,6,9,1,0,D,Chelsea,0,0.7204372435808182,1.6961301937699318,0.6698998659849167
790,Nathan Redmond,3,45,0,0,0,0.12678086757659912,0,1,0,0,S,Burnley,0,0,0.32465851306915283,0.32465851306915283
804,Craig Dawson,4,343,0,0.47831422835588455,0,0.11272978037595749,4,2,2,0,D,Wolverhampton Wanderers,0,0.47831422835588455,0.5524353478103876,0.47914013359695673
807,Jonny Evans,1,3,0,0,0,0,0,0,0,0,S,Manchester United,0,0,0,0
833,Virgil van Dijk,3,207,0,0.1393474116921425,0,0.10115671902894974,4,1,0,1,D,Liverpool,0,0.1393474116921425,0.23594925925135612,0.23594925925135612
844,Jay Rodriguez,1,6,0,0.39088788628578186,0,0,2,0,0,0,S,Burnley,0,0.39088788628578186,0.39088788628578186,0
884,Matt Targett,2,77,0,0,0,0.06273338198661804,0,1,1,0,D S,Newcastle United,0,0,0.08886169828474522,0.026128316298127174
900,Adama Traoré,3,21,0,0.43420571088790894,0,0,1,0,0,0,S,Fulham,0,0.43420571088790894,0,0
910,Harrison Reed,4,266,0,0,1,0.2807423919439316,0,5,1,0,M S,Fulham,0,0,0.2853677123785019,0.06621070206165314
978,Sam Johnstone,4,360,0,0,0,0,0,0,0,0,GK,Crystal Palace,0,0,0.27563800662755966,0.27563800662755966
986,Danny Ings,3,20,0,0.12314949184656143,0,0,1,0,0,0,S,West Ham,0,0.12314949184656143,0.12314949184656143,0
987,Joseph Gomez,3,158,0,0.039971222169697285,0,0.030877765268087387,2,1,0,0,D S,Liverpool,0,0.039971222169697285,1.0432612970471382,1.0432612970471382
1006,Luke Shaw,2,180,0,0,0,0.6534072756767273,0,6,1,0,D,Manchester United,0,0,0.9326948821544647,0.7710351645946503
1018,Josh Cullen,3,270,0,0.02098984085023403,1,0.42343756556510925,1,2,1,0,M,Burnley,0,0.02098984085023403,1.1546122804284096,1.133622445166111
1024,Tyrone Mings,1,30,0,0.01415904238820076,0,0.13778242468833923,1,1,0,0,D,Aston Villa,0,0.01415904238820076,0.13778242468833923,0
1245,Emerson,4,360,0,0.06547891348600388,0,0.11522684060037136,1,3,3,0,D,West Ham,0,0.06547891348600388,0.3633808456361294,0.18267509900033474
1257,Alisson,4,360,0,0,0,0,0,0,1,0,GK,Liverpool,0,0,1.3432947620749474,1.3432947620749474
1297,Neto,4,360,0,0,0,0,0,0,2,0,GK,Bournemouth,0,0,0.6298838555812836,0.6298838555812836
1299,Mario Lemina,4,360,0,0.8359189480543137,0,0.0622023344039917,8,2,2,0,M,Wolverhampton Wanderers,0,0.8359189480543137,1.7402779757976532,1.52806206792593
1389,Jorginho,3,14,0,0,0,0,0,0,0,0,S,Arsenal,0,0,0.05046559497714043,0.05046559497714043
1537,Sasa Lukic,3,253,0,0.056842509657144547,0,0.050611864775419235,2,1,1,0,M,Fulham,0,0.056842509657144547,0.5733351707458496,0.5227233171463013
1653,Michael Keane,3,181,0,0.054337650537490845,0,0,2,0,1,0,D S,Everton,0,0.054337650537490845,0.8236527740955353,0.8236527740955353
1654,Ben Mee,1,84,0,0,0,0.06615801155567169,0,1,0,0,D,Brentford,0,0,0.5880627632141113,0.5880627632141113
1663,Johann Berg Gudmundsson,2,92,0,0,1,0.21140797436237335,0,4,1,0,M S,Burnley,0,0,1.100546807050705,0.9637428224086761
1665,James Tarkowski,4,360,0,0.294260673224926,0,0,3,0,0,0,D,Everton,0,0.294260673224926,1.4854819178581238,1.4854819178581238
1687,Harry Maguire,1,20,0,0,0,0,0,0,0,0,S,Manchester United,0,0,0.08084101974964142,0.08084101974964142
1688,Andrew Robertson,4,360,0,0,0,0.2213537460193038,0,6,0,0,D,Liverpool,0,0,1.0343300960958004,1.0136855505406857
1736,Oliver McBurnie,2,104,0,0.6704901866614819,1,0.6838421300053596,3,2,0,0,F S,Sheffield United,0,0.6704901866614819,0.6838421300053596,0.5949807167053223
1771,Reece Burke,2,169,0,0.4877365231513977,0,0.49087641201913357,3,2,0,0,D,Luton,0,0.4877365231513977,0.6624338254332542,0.6459868475794792
1789,Lewis Cook,2,129,0,0.024041421711444855,0,0,1,0,0,0,M S,Bournemouth,0,0.024041421711444855,0.23294717818498611,0.23294717818498611
1791,Trent Alexander-Arnold,4,336,0,0.16602080687880516,1,0.8270750567317009,5,9,2,0,D,Liverpool,0,0.16602080687880516,1.7725499123334885,1.5427759774029255
1823,Lucas Digne,4,354,0,0.054824091494083405,1,0.7141886353492737,1,10,2,0,D,Aston Villa,0,0.054824091494083405,0.8263536021113396,0.5189302377402782
2182,Jefferson Lerma,4,360,0,0.1305670216679573,0,0.7299875002354383,4,6,0,0,M,Crystal Palace,0,0.1305670216679573,2.7985630333423615,2.0512121096253395
2199,Pablo Sarabia,4,175,0,0.40204186737537384,1,1.1459184288978577,5,8,0,0,F M S,Wolverhampton Wanderers,0,0.40204186737537384,0.834641695022583,0.1425008624792099
2254,Mateo Kovacic,4,338,0,0.12494867295026779,0,0.6452903375029564,4,4,0,0,M S,Manchester City,0,0.12494867295026779,2.867560565471649,2.4283741116523743
2310,Alphonse Areola,4,360,0,0,0,0,0,0,0,0,GK,West Ham,0,0,0.343856917694211,0.343856917694211
2328,Thomas Partey,3,238,0,0.09602723270654678,0,0.12622319534420967,2,3,0,0,D,Arsenal,0,0.09602723270654678,1.9458359777927399,1.88214710354805
2335,Pablo Fornals,4,111,0,0.16548946499824524,0,0.15140211395919323,3,2,0,0,M S,West Ham,0,0.16548946499824524,0.5940147414803505,0.2953107785433531
2498,Aymeric Laporte,1,6,0,0.11228246241807938,0,0,1,0,0,0,S,Manchester City,0,0.11228246241807938,0,0
2674,Thilo Kehrer,2,10,0,0,0,0,0,0,1,0,S,West Ham,0,0,0.09207619726657867,0.09207619726657867
2958,Oleksandr Zinchenko,3,112,0,0,0,0.14305373281240463,0,3,0,0,D S,Arsenal,0,0,0.34891557693481445,0.2747955285012722
3203,Issa Diop,4,360,0,0.12784011662006378,0,0,2,0,1,0,D,Fulham,0,0.12784011662006378,0.6588250491768122,0.6588250491768122
3278,Maxwel Cornet,1,1,0,0,0,0,0,0,0,0,S,West Ham,0,0,0,0
3288,Thiago Silva,4,360,0,0.04561341181397438,0,0.06274138111621141,2,2,0,0,D,Chelsea,0,0.04561341181397438,1.9083406776189804,1.8934991881251335
3585,Said Benrahma,4,293,0,0.4752800688147545,1,0.8434863537549973,10,6,0,0,M S,West Ham,0,0.4752800688147545,2.1866669356822968,0.9345387406647205
3600,Serge Aurier,4,347,0,0.022981125861406326,2,0.566937267780304,1,2,2,0,D,Nottingham Forest,0,0.022981125861406326,1.259076088666916,0.692138809710741
3621,Neal Maupay,2,103,0,1.3754028677940369,0,0.13353370130062103,5,1,0,0,F S,Everton,0,1.3754028677940369,1.3316882029175758,0.06084267050027847
3635,Bernardo Silva,3,187,0,0,0,0.35410866141319275,0,4,1,0,M S,Manchester City,0,0,1.1586700230836868,0.8045613616704941
4105,Raúl Jiménez,4,325,0,0.5254188776016235,0,0.7928147315979004,7,3,1,0,F,Fulham,0,0.5254188776016235,0.7809814140200615,0
4401,Emiliano Martinez,3,270,0,0,0,0,0,0,1,0,GK,Aston Villa,0,0,0.16143472865223885,0.16143472865223885
5220,Kai Havertz,4,318,0,0.4455037750303745,0,0.5540542006492615,6,6,1,0,M,Arsenal,0,0.4455037750303745,1.8656083941459656,1.2024289593100548
5355,Jacob Bruun Larsen,3,47,0,0.08108199294656515,0,0.10263554006814957,2,2,0,0,S,Burnley,0,0.08108199294656515,0.11344019696116447,0.0639837458729744
5552,Nick Pope,4,360,0,0.016498630866408348,0,0,1,0,0,0,GK,Newcastle United,0,0.016498630866408348,1.4909259974956512,1.4909259974956512
5555,Dominic Calvert-Lewin,1,37,0,0,0,0,0,0,0,0,F,Everton,0,0,0,0
5560,Scott McTominay,2,3,0,0,0,0.03688819333910942,0,1,0,0,S,Manchester United,0,0,0.03688819333910942,0
5568,Connor Roberts,3,270,0,0,0,0.05201815441250801,0,1,0,0,D,Burnley,0,0,1.3389297053217888,1.3389297053217888
5584,Aaron Wan-Bissaka,4,339,0,0,1,1.0327167361974716,0,4,2,0,D,Manchester United,0,0,3.552128478884697,2.645725831389427
5590,Tosin Adarabioyo,1,1,0,0,0,0,0,0,0,0,S,Fulham,0,0,0,0
5596,Harry Wilson,4,341,0,0.09058846533298492,0,0.5153820887207985,3,3,0,0,F,Fulham,0,0.09058846533298492,0.8189767375588417,0.7283882275223732
5603,Aaron Ramsdale,4,360,0,0,0,0,0,0,0,0,GK,Arsenal,0,0,0.19454151391983032,0.19454151391983032
5609,Yves Bissouma,4,349,0,0.256034042686224,0,0.1400558538734913,8,2,1,0,M,Tottenham,0,0.256034042686224,2.438211351633072,2.15962290763855
5613,Gabriel,3,109,0,0,0,0,0,0,0,0,D S,Arsenal,0,0,0.6149604916572571,0.6149604916572571
5681,Giovani Lo Celso,1,11,0,0,0,0.034908477216959,0,1,0,0,S,Tottenham,0,0,0.034908477216959,0.034908477216959
5712,Diego Carlos,4,140,0,0.1422494277358055,0,0,2,0,0,0,D S,Aston Villa,0,0.1422494277358055,0.8165693618357182,0.8165693618357182
5735,Jean-Philippe Mateta,2,34,0,0,2,0.5984772443771362,0,2,0,0,S,Crystal Palace,0,0,0.5984772443771362,0.1231609508395195
5789,Boubacar Kamara,4,360,0,0.029543708078563213,0,0.2802259549498558,2,4,1,0,M,Aston Villa,0,0.029543708078563213,1.531407717615366,1.28232953697443
5956,Youri Tielemans,4,66,0,0,0,0.10713136941194534,0,1,0,0,S,Aston Villa,0,0,0.16649583727121353,0.16649583727121353
5973,Kenny Tete,4,348,0,0,0,0.06621070206165314,0,1,2,0,D,Fulham,0,0,0.6568512544035912,0.6568512544035912
5989,Moussa Niakhate,2,31,0,0,0,0,0,0,0,0,S,Nottingham Forest,0,0,0.06066468358039856,0.06066468358039856
6026,Richarlison,4,241,0,0.31638989597558975,0,0.038186538964509964,4,2,1,0,F S,Tottenham,0,0.31638989597558975,0.6577717587351799,0.36071620881557465
6030,Zanka,1,1,0,0,0,0.2823283076286316,0,1,0,0,S,Brentford,0,0,0.2823283076286316,0
6034,Philip Billing,4,360,0,0.7590400204062462,0,0.2614689078181982,9,6,0,0,M,Bournemouth,0,0.7590400204062462,1.5763106122612953,0.9565032050013542
6048,Lewis Dunk,4,360,0,0.3075077887624502,0,0.043697929941117764,8,2,0,0,D,Brighton,0,0.3075077887624502,3.6221730709075928,3.614072948694229
6054,Ederson,4,360,0,0,0,0,0,0,0,0,GK,Manchester City,0,0,1.0550695210695267,1.0550695210695267
6055,Phil Foden,4,271,0,0.5751295909285545,3,1.0996337458491325,7,12,0,0,M S,Manchester City,0,0.5751295909285545,2.016752250492573,1.1527626290917397
6063,Jacob Murphy,1,1,0,0,1,0.5514945983886719,0,2,0,0,S,Newcastle United,0,0,0.5514945983886719,0
6080,Victor Lindelöf,3,170,0,0,0,0.059819307178258896,0,2,1,0,D S,Manchester United,0,0,0.3656516596674919,0.3656516596674919
6088,Orel Mangala,3,238,0,0.017468752339482307,0,0.0158710777759552,1,1,1,0,M,Nottingham Forest,0,0.017468752339482307,0.4712015315890312,0.455330453813076
6104,Will Hughes,1,1,0,0,0,0.12013604491949081,0,1,0,0,S,Crystal Palace,0,0,0.12013604491949081,0.12013604491949081
6157,Timothy Castagne,1,10,0,0,0,0,0,0,0,0,S,Fulham,0,0,0,0
6163,Nélson Semedo,4,360,0,0.039433564990758896,0,0.028367039747536182,2,2,2,0,D,Wolverhampton Wanderers,0,0.039433564990758896,0.8019219301640987,0.7650173306465149
6221,Pau Torres,4,330,0,0.04320307448506355,0,0.013114671222865582,1,1,0,0,D S,Aston Villa,0,0.04320307448506355,1.6992912106215954,1.6992912106215954
6249,Davinson Sánchez,1,77,0,0.11006297916173935,0,0,1,0,1,0,S,Tottenham,0,0.11006297916173935,0.1389056295156479,0.1389056295156479
6326,Ibrahima Konaté,2,180,0,0.026518821716308594,0,0,1,0,0,0,D,Liverpool,0,0.026518821716308594,0.6587954014539719,0.6587954014539719
6345,Jadon Sancho,3,68,0,0,0,0.12816749513149261,0,1,0,0,S,Manchester United,0,0,0.2712413966655731,0.1430738866329193
6382,Pedro Neto,4,360,0,0.7942149862647057,3,2.1783278211951256,9,13,1,0,M,Wolverhampton Wanderers,0,0.7942149862647057,2.8690931499004364,0.38755708560347557
6490,Manuel Akanji,3,270,0,0.019080042839050293,0,0.03707383573055267,1,1,0,0,D,Manchester City,0,0.019080042839050293,1.34332674741745,1.3242467045783997
6492,Reiss Nelson,1,1,0,0,0,0,0,0,0,0,S,Arsenal,0,0,0.6236258149147034,0.6236258149147034
6557,Louis Beyer,2,158,0,0,0,0,0,0,1,0,D,Burnley,0,0,0.016488168388605118,0.016488168388605118
6656,Sergio Gómez,1,7,0,0,1,0.12880565226078033,0,1,0,0,S,Manchester City,0,0,0.12880565226078033,0.12880565226078033
6665,Curtis Jones,2,86,0,0,0,0,0,0,0,0,M S,Liverpool,0,0,0.171225443482399,0.171225443482399
6674,Rayan Ait Nouri,4,295,0,0.32795247435569763,0,0.10564006865024567,1,3,2,0,D S,Wolverhampton Wanderers,0,0.32795247435569763,1.3186549171805382,0.8850624114274979
6686,Nicolo Zaniolo,2,35,0,0.16656579077243805,0,0.08360717445611954,2,2,0,0,S,Aston Villa,0,0.16656579077243805,0.32139310985803604,0.1305886209011078
6756,Dwight McNeil,1,11,0,0.02021964266896248,0,0,1,0,0,0,S,Everton,0,0.02021964266896248,0.02021964266896248,0
6835,Tom Cairney,3,99,0,0.01620519533753395,0,0.029726311564445496,1,1,0,0,M S,Fulham,0,0.01620519533753395,0.09615994244813919,0.09615994244813919
6857,Morgan Gibbs-White,4,360,0,0.31279727071523666,1,0.9404863342642784,5,8,1,0,F M,Nottingham Forest,0,0.31279727071523666,1.6086402293294668,0.7563313040882349
6888,William Saliba,4,360,0,0.06650194525718689,1,0.08044789731502533,1,2,0,0,D,Arsenal,0,0.06650194525718689,2.4322009086608887,2.3895678520202637
6912,Pedro Porro,3,270,0,0.32133497297763824,1,1.2448127195239067,7,4,0,0,D,Tottenham,0,0.32133497297763824,3.3409730046987534,2.392075777053833
6962,Robin Olsen,1,90,0,0,0,0,0,0,0,0,GK,Aston Villa,0,0,0,0
6963,Justin Kluivert,4,191,0,0.42224162071943283,0,0.154387928545475,3,3,0,0,M S,Bournemouth,0,0.42224162071943283,1.0638767331838608,0.5586533322930336
6986,Hamed Junior Traore,2,27,0,0.12472311407327652,0,0.05982113257050514,2,1,0,0,S,Bournemouth,0,0.12472311407327652,0.5228775180876255,0.33833327889442444
7047,Mark Flekken,4,360,0,0,0,0,0,0,0,0,GK,Brentford,0,0,1.1773431301116943,1.1773431301116943
7078,Sean Longstaff,4,75,0,0.09269443154335022,1,0.38850727304816246,2,3,0,0,S,Newcastle United,0,0.09269443154335022,0.481201708316803,0.07637334242463112
7083,Christian Nørgaard,4,344,0,0.14215787686407566,1,0.49682675302028656,4,5,0,0,M,Brentford,0,0.14215787686407566,2.225869692862034,2.139961041510105
7198,Oliver Skipp,3,99,0,0,0,0,0,0,1,0,M S,Tottenham,0,0,0.24714437127113342,0.24714437127113342
7235,Jason Steele,2,180,0,0,0,0,0,0,0,0,GK,Brighton,0,0,1.8751673698425293,1.8751673698425293
7277,Ryan John Giles,3,253,0,0.07363187521696091,0,0.15429631434381008,1,4,0,0,D,Luton,0,0.07363187521696091,0.33788394927978516,0.192750733345747
7281,Diogo Dalot,3,201,0,0.039238687604665756,0,0,1,0,0,0,D S,Manchester United,0,0.039238687604665756,0.3434487506747246,0.3434487506747246
7298,Ben White,4,360,0,0,0,0.6319581642746925,0,4,1,0,D,Arsenal,0,0,2.4237125366926193,1.8462619483470917
7332,Max Kilman,4,360,0,0.017349420115351677,0,0.31769996229559183,1,3,1,0,D,Wolverhampton Wanderers,0,0.017349420115351677,1.5867811739444733,1.3063547611236572
7382,Dan Burn,4,360,0,0.11852125823497772,0,0.07235221564769745,1,1,1,0,D,Newcastle United,0,0.11852125823497772,2.200101487338543,2.1277492567896843
7384,Chris Mepham,2,30,0,0,0,0.015813298523426056,0,1,1,0,S,Bournemouth,0,0,0.04771220684051514,0.03189890831708908
7420,Miguel Almirón,4,329,0,0.4784260466694832,0,0.4248886778950691,9,4,0,0,F,Newcastle United,0,0.4784260466694832,1.1627934947609901,0.5351846516132355
7438,James Garner,4,343,0,0.08563809469342232,0,0.9338074903935194,3,5,1,0,M,Everton,0,0.08563809469342232,1.4184830859303474,0.964104913175106
7439,Tahith Chong,3,254,0,0.5433419793844223,0,0,3,0,0,0,M,Luton,0,0.5433419793844223,0.1848612930625677,0.11594874039292336
7546,Harvey Elliott,4,65,0,0.033540546894073486,0,0.023715069517493248,1,1,0,0,S,Liverpool,0,0.033540546894073486,0.33965047262609005,0.33965047262609005
7603,Marc Guehi,4,360,0,0.04727578163146973,0,0.01739196665585041,1,1,0,0,D,Crystal Palace,0,0.04727578163146973,1.6764269322156906,1.659035012125969
7688,Max Aarons,4,346,0,0.02234959602355957,0,0.32337965816259384,1,2,1,0,D,Bournemouth,0,0.02234959602355957,1.0787893906235695,0.7330601345747709
7689,Ben Godfrey,1,1,0,0,0,0,0,0,0,0,S,Everton,0,0,0,0
7698,Leandro Trossard,2,59,0,0,0,0.7552386708557606,0,4,0,0,F S,Arsenal,0,0,1.1739703118801117,0.4187316298484802
7699,Adam Webster,2,180,0,0,0,0,0,0,0,0,D,Brighton,0,0,0.5831570774316788,0.5831570774316788
7703,John Egan,4,342,0,0.11834154650568962,0,0,2,0,1,0,D,Sheffield United,0,0.11834154650568962,0.17020796239376068,0.17020796239376068
7704,Chris Basham,4,134,0,0,0,0,0,0,0,0,M S,Sheffield United,0,0,0,0
7706,George Baldock,3,256,0,0,0,0.1576109379529953,0,2,1,0,D,Sheffield United,0,0,0.2808160185813904,0.2045516073703766
7710,Oliver Norwood,4,355,0,0.06402187794446945,0,0.32333823665976524,3,5,1,0,M,Sheffield United,0,0.06402187794446945,0.42304328083992004,0.35902139544487
7714,Ben Osborn,3,194,0,0.11254903674125671,0,0,1,0,1,0,D M,Sheffield United,0,0.11254903674125671,0.11254903674125671,0
7726,Ezri Konsa Ngoyo,4,360,0,0,0,0,0,0,0,0,D,Aston Villa,0,0,1.3201431259512901,1.3201431259512901
7752,Gabriel Martinelli,4,342,0,0.666835606098175,2,0.2102539911866188,9,4,0,0,F,Arsenal,0,0.666835606098175,2.5816489160060883,2.073520690202713
7768,Mason Mount,2,158,0,0,0,0.06487124413251877,0,2,0,0,M,Manchester United,0,0,1.414455696940422,1.414455696940422
7931,Takehiro Tomiyasu,3,114,0,0.019561249762773514,0,0,1,0,0,1,D S,Arsenal,0,0.019561249762773514,0.568304717540741,0.5487434640526772
7988,Billy Gilmour,4,248,0,0.13764796499162912,1,0.2525297850370407,4,4,0,0,M S,Brighton,0,0.13764796499162912,3.351497560739517,3.159877672791481
8040,Marvelous Nakamba,3,270,0,0.013922066427767277,0,0.20837604627013206,1,5,2,0,M,Luton,0,0.013922066427767277,1.1589814573526382,1.0827729031443596
8067,Reece James,1,83,0,0.028564339503645897,0,0.5029239058494568,1,2,0,0,D,Chelsea,0,0.028564339503645897,0.826264500617981,0.826264500617981
8090,Lloyd Kelly,2,100,0,0,0,0,0,0,1,0,D S,Bournemouth,0,0,0.07354862242937088,0.07354862242937088
8119,Boubacar Traore,1,13,0,0,0,0,0,0,0,0,S,Wolverhampton Wanderers,0,0,0.3870556652545929,0.3870556652545929
8204,Neco Williams,2,102,0,0.02352273091673851,0,0.025770094245672226,1,1,0,0,D S,Nottingham Forest,0,0.02352273091673851,0.13195941597223282,0.08266659080982208
8214,Tyrick Mitchell,4,360,0,0.051525987684726715,1,0.9721087217330933,1,3,0,0,D,Crystal Palace,0,0.051525987684726715,2.7163159251213074,2.0159481167793274
8226,Tariq Lamptey,1,11,0,0,0,0,0,0,1,0,S,Brighton,0,0,0,0
8285,Sander Berge,3,212,0,0,0,0.03831244632601738,0,2,1,0,M,Burnley,0,0,0.7690688818693161,0.7307564690709114
8286,Jack Robinson,4,351,0,0.1497182697057724,0,0,3,0,0,0,D,Sheffield United,0,0.1497182697057724,0.41515205055475235,0.2961416393518448
8288,Tomas Soucek,3,218,0,0.5973717570304871,1,0.19534544087946415,2,4,0,0,M,West Ham,0,0.5973717570304871,0.3974020630121231,0.33214080333709717
8327,Bruno Guimarães,4,360,0,0.1284448765218258,0,0.18509843945503235,4,3,2,0,M,Newcastle United,0,0.1284448765218258,1.4243173450231552,1.1285850182175636
8379,Alexis Mac Allister,4,323,0,0,0,0.03263983130455017,0,1,1,1,M,Liverpool,0,0,1.4513517320156097,1.418711930513382
8476,Jarrad Branthwaite,2,180,0,0.16874061524868011,0,0,3,0,2,0,D,Everton,0,0.16874061524868011,0.45171044021844864,0.40877727419137955
8497,Cole Palmer,2,28,0,0,0,0.03960062935948372,0,1,0,0,S,"Chelsea,Manchester City",0,0,0.104242242872715,0.06464161723852158
8562,Luke Thomas,1,18,0,0.4424034655094147,0,0,1,0,0,0,S,Sheffield United,0,0.4424034655094147,0.4424034655094147,0
8635,Sven Botman,3,270,0,0.18139848113059998,1,0.5244932174682617,3,1,1,0,D,Newcastle United,0,0.18139848113059998,1.3463703393936157,1.3463703393936157
8666,Cheick Oumar Doucoure,4,360,0,0.07213787455111742,0,0.10586343705654144,3,3,1,0,M,Crystal Palace,0,0.07213787455111742,1.9103032499551773,1.7323018908500671
8719,Kalvin Phillips,1,1,0,0,0,0,0,0,0,0,S,Manchester City,0,0,0,0
8756,Dara O&#039;Shea,3,270,0,0.05201815441250801,0,0.019953954964876175,1,1,0,0,D,Burnley,0,0.05201815441250801,0.2235659323632717,0.2235659323632717
8776,Wes Foderingham,4,360,0,0,0,0,0,0,0,0,GK,Sheffield United,0,0,0.1259336769580841,0.1259336769580841
8778,Fabio Silva,4,221,0,0.913575079292059,0,0.2420392744243145,7,4,0,0,F S,Wolverhampton Wanderers,0,0.913575079292059,1.1997973173856735,0.16965851187705994
8780,Joël Veltman,4,145,0,0.05178019776940346,1,0.025604143738746643,1,1,0,0,D S,Brighton,0,0.05178019776940346,0.41616587340831757,0.33878152817487717
8808,Wataru Endo,3,86,0,0,0,0,0,0,0,0,M S,Liverpool,0,0,0,0
8831,Iyenoma Destiny Udogie,4,340,0,0.3593902289867401,2,0.8345238612964749,1,4,1,0,D,Tottenham,0,0.3593902289867401,2.768367737531662,2.1835775822401047
8852,Konstantinos Tsimikas,1,1,0,0,0,0,0,0,0,0,S,Liverpool,0,0,0,0
8858,Guglielmo Vicario,4,360,0,0,0,0,0,0,1,0,GK,Tottenham,0,0,1.345014527440071,1.345014527440071
8859,Mikkel Damsgaard,2,39,0,0.07185065001249313,0,0,1,0,0,0,S,Brentford,0,0.07185065001249313,0.07185065001249313,0
8865,Ollie Watkins,4,339,0,2.0876741111278534,2,1.212147779762745,10,8,0,0,F,Aston Villa,0,2.0876741111278534,4.0177226066589355,0.9439038410782814
8918,Max Lowe,2,129,0,0,0,0.012994728051126003,0,1,0,0,D,Sheffield United,0,0,0.012994728051126003,0
8940,Antonee Robinson,4,360,0,0,0,0.43420571088790894,0,1,1,0,D,Fulham,0,0,0.6582125425338745,0.6582125425338745
8942,Aaron Hickey,4,338,0,0.031622158363461494,0,0.04746435210108757,2,1,2,0,D,Brentford,0,0.031622158363461494,0.611506687477231,0.5798845365643501
8961,Rúben Dias,3,270,0,0.022053252905607224,0,0,1,0,0,0,D,Manchester City,0,0.022053252905607224,2.0148959159851074,1.992842674255371
8965,Vladimir Coufal,4,360,0,0,0,0.14326965622603893,0,3,0,0,D,West Ham,0,0,0.7759629860520363,0.6951406076550484
8981,Jéremy Doku,1,83,0,0,0,0,0,0,0,0,M,Manchester City,0,0,0.2003273069858551,0.2003273069858551
9017,Malo Gusto,4,269,0,0.0372829083353281,2,0.6125726103782654,2,2,0,0,D S,Chelsea,0,0.0372829083353281,1.518527776002884,1.3742604553699493
9040,Conor Gallagher,4,331,0,0.2370765022933483,0,0.395680271089077,4,2,1,0,M,Chelsea,0,0.2370765022933483,2.345561057329178,2.0071036517620087
9077,James Trafford,3,270,0,0,0,0,0,0,0,0,GK,Burnley,0,0,0.13339415192604065,0.13339415192604065
9098,Robert Sánchez,4,360,0,0,0,0,0,0,0,0,GK,Chelsea,0,0,1.101262480020523,1.101262480020523
9154,Elliot Anderson,4,55,0,0,0,0.12419943511486053,0,2,0,0,S,Newcastle United,0,0,0.46246168948709965,0.4410146716982126
9222,Antwoine Hackford,2,8,0,0,0,0,0,0,0,0,S,Sheffield United,0,0,0,0
9274,Naouirou Ahamada,2,32,0,0,0,0,0,0,0,0,S,Crystal Palace,0,0,0.09999214112758636,0.09999214112758636
9287,Tyler Onyango,1,1,0,0,0,0,0,0,0,0,S,Everton,0,0,0,0
9324,Facundo Pellistri,2,13,0,0.1430738866329193,0,0,1,0,0,0,S,Manchester United,0,0.1430738866329193,0.1971171498298645,0.05404326319694519
9415,Jaden Philogene-Bidace,1,1,0,0,0,0,0,0,0,0,S,Aston Villa,0,0,0.10713136941194534,0.10713136941194534
9451,Chimuanya Ugochukwu,2,6,0,0,0,0,0,0,0,0,S,Chelsea,0,0,0,0
9453,Moisés Caicedo,3,192,0,0.068266112357378,0,0,2,0,0,0,M S,Chelsea,0,0.068266112357378,2.068635180592537,2.000369071960449
9461,Jesurun Rak-Sakyi,1,5,0,0.043321676552295685,0,0.046159155666828156,1,1,0,0,S,Crystal Palace,0,0.043321676552295685,0.08948083221912384,0
9512,Valentino Livramento,1,1,0,0,0,0,0,0,0,0,S,Newcastle United,0,0,0,0
9556,William Osula,3,242,0,0.20075484737753868,0,0,3,0,2,0,F,Sheffield United,0,0.20075484737753868,0.14799872040748596,0
9619,Issa Kabore,3,154,0,0.06036809831857681,0,0.836603045463562,2,1,1,0,D S,Luton,0,0.06036809831857681,1.5363817997276783,0.658593725413084
9667,Amadou Onana,4,360,0,0.10386421531438828,0,1.2018612921237946,3,4,0,0,M,Everton,0,0.10386421531438828,3.0927287489175797,2.271282121539116
9677,Kristoffer Ajer,3,97,0,0.21354087442159653,1,0.8103819489479065,2,1,0,0,D S,Brentford,0,0.21354087442159653,1.187803491950035,1.0726206749677658
9678,Ethan Pinnock,4,360,0,0.6209530532360077,0,0.3986194133758545,3,2,0,0,D,Brentford,0,0.6209530532360077,1.6159687023609877,1.468033431097865
9679,Rico Henry,4,360,0,0.045370095409452915,1,0.7904934585094452,2,4,1,0,D,Brentford,0,0.045370095409452915,2.056360438466072,1.3895266503095627
9680,Vitaly Janelt,4,344,0,0.2574390899389982,0,0.16099078208208084,4,2,0,0,M,Brentford,0,0.2574390899389982,1.6181543096899986,1.2980824783444405
9681,Frank Onyeka,2,33,0,0.2202213853597641,0,0.6917190849781036,4,4,0,0,S,Brentford,0,0.2202213853597641,0.8949809074401855,0.0396294891834259
9685,Mads Roerslev,2,17,0,0.017501061782240868,0,0,1,0,0,0,S,Brentford,0,0.017501061782240868,0.299829363822937,0.2823283076286316
9691,Nuno Tavares,1,13,0,0,0,0,0,0,1,0,S,Nottingham Forest,0,0,0,0
9733,Nathan Collins,4,276,0,0.07502649910748005,1,0.3011491596698761,2,1,0,0,D S,Brentford,0,0.07502649910748005,1.2192459665238857,0.8709625862538815
9740,José Sá,4,360,0,0,0,0,0,0,0,0,GK,Wolverhampton Wanderers,0,0,0.6616016328334808,0.6616016328334808
9790,Josko Gvardiol,3,186,0,0,0,0.07550057768821716,0,2,0,0,D S,Manchester City,0,0,1.71816748380661,1.6426668763160706
9897,Gonzalo Montiel,1,13,0,0,0,0,0,0,0,0,S,Nottingham Forest,0,0,0,0
9913,Aaron Ramsey,1,19,0,0,0,0,0,0,0,0,S,Burnley,0,0,0,0
9914,Shandon Baptiste,1,7,0,0,0,0,0,0,0,0,S,Brentford,0,0,0,0
9983,Beto,1,90,0,0.27181461453437805,0,0.38980042934417725,4,1,0,0,F,Everton,0,0.27181461453437805,1.237784504890442,0.6329302787780762
10012,Jakub Kiwior,2,91,0,0.5712023377418518,0,0,1,0,0,0,D S,Arsenal,0,0.5712023377418518,0.2674001455307007,0.2674001455307007
10027,Lewis Dobbin,3,109,0,0.33658209443092346,0,0.016247248277068138,1,1,0,0,M S,Everton,0,0.33658209443092346,0.11117757670581341,0.09493032842874527
10041,Yasser Larouci,4,197,0,0.1500147096812725,0,0,3,0,0,0,D S,Sheffield United,0,0.1500147096812725,0.3202226646244526,0.17020796239376068
10050,Micky van de Ven,4,360,0,0.058857496827840805,0,0,2,0,0,0,D,Tottenham,0,0.058857496827840805,2.6188984811306,2.6188984811306
10126,James McAtee,1,1,0,0,0,0,0,0,0,0,S,Manchester City,0,0,0,0
10140,Hugo Bueno,4,104,0,0.158068073913455,0,0.016605697572231293,3,1,0,0,D S,Wolverhampton Wanderers,0,0.158068073913455,0.9670866876840591,0.7924129068851471
10187,Jarell Quansah,2,23,0,0,0,0,0,0,0,0,S,Liverpool,0,0,0,0
10292,Nathan Patterson,4,360,0,0.45207766257226467,1,0.8146748393774033,4,4,1,0,D,Everton,0,0.45207766257226467,2.3113413751125336,1.1416557505726814
10293,Toti,2,20,0,0,0,0,0,0,0,0,S,Wolverhampton Wanderers,0,0,0.08898574113845825,0.08898574113845825
10386,Anel Ahmedhodzic,4,360,0,0.76630087941885,0,0,5,0,2,0,D,Sheffield United,0,0.76630087941885,0.9136847034096718,0.2147950902581215
10405,Josh Dasilva,1,9,0,0,0,0,0,0,0,0,S,Brentford,0,0,0,0
10552,Alejandro Garnacho,3,142,0,0.4326464980840683,0,0.06666988879442215,7,1,0,0,M S,Manchester United,0,0.4326464980840683,1.3639951944351196,0.8842314258217812
10620,Luca Koleosho,3,210,0,0.22847114130854607,1,0.686656542122364,5,4,0,0,M,Burnley,0,0.22847114130854607,0.931615874171257,0.0321169588714838
10700,Matt Turner,4,360,0,0,0,0,0,0,1,0,GK,Nottingham Forest,0,0,0,0
10716,Manor Solomon,2,74,0,0.11632221937179565,2,0.680159330368042,2,5,0,0,M S,Tottenham,0,0.11632221937179565,1.4156764224171638,0.8486997559666634
10717,Rodrigo Muniz,2,4,0,0,0,0,0,0,0,0,S,Fulham,0,0,0,0
10719,Luke Harris,1,75,0,0.33846035599708557,0,0,1,0,0,0,S,Fulham,0,0.33846035599708557,0.33846035599708557,0
10741,Marcus Tavernier,1,16,0,0,1,0.9737005829811096,0,1,0,0,S,Bournemouth,0,0,0.9737005829811096,0
10743,Kieffer Moore,3,46,0,0.34103548899292946,0,0,2,0,0,0,S,Bournemouth,0,0.34103548899292946,0.6964191161096096,0.35538362711668015
10744,Ryan Christie,4,290,0,0.16678482107818127,0,0.4717221688479185,5,3,0,0,M,Bournemouth,0,0.16678482107818127,0.7454850189387798,0.21257682517170906
10746,Jaidon Anthony,3,153,0,0.07687148451805115,0,0,2,0,1,0,M S,Bournemouth,0,0.07687148451805115,0.15334434807300568,0.07647287100553513
10747,James Hill,1,14,0,0,0,0,0,0,0,0,S,Bournemouth,0,0,0,0
10756,Joe Worrall,4,340,0,0.08149255812168121,0,0.12857882678508759,2,2,0,1,D,Nottingham Forest,0,0.08149255812168121,0.17243483662605286,0.17243483662605286
10757,Scott McKenna,4,330,0,0.10559770464897156,0,0.15188269317150116,1,2,0,0,D,Nottingham Forest,0,0.10559770464897156,0.06613904982805252,0
10760,Brennan Johnson,3,249,0,0.2706311196088791,0,0.09796891361474991,3,1,0,0,F M,Nottingham Forest,0,0.2706311196088791,1.3559074401855469,1.085276335477829
10802,Lisandro Martínez,4,298,0,0,0,0.031064082868397236,0,2,2,0,D,Manchester United,0,0,0.9668496735394001,0.9467497505247593
10805,Levi Colwill,4,360,0,0.15950122475624084,0,0.3985109105706215,4,3,0,0,D,Chelsea,0,0.15950122475624084,1.9624825939536095,1.6107137724757195
10807,Jan Paul van Hecke,2,180,0,0.025739125907421112,0,0,1,0,0,0,D,Brighton,0,0.025739125907421112,1.721293956041336,1.721293956041336
10809,Keane Lewis-Potter,3,42,0,1.0485695600509644,0,0,3,0,0,0,S,Brentford,0,1.0485695600509644,0.5281884670257568,0
10847,Rico Lewis,2,85,0,0,0,0,0,0,0,0,D S,Manchester City,0,0,0.5030665546655655,0.5030665546655655
10864,Marcos Senesi,3,239,0,0,1,0.13029405660927296,0,2,0,0,D,Bournemouth,0,0,0.8151838034391403,0.6848897486925125
10872,Vinicius Souza,4,249,0,0.03651983663439751,0,0.04274601489305496,2,1,1,0,M S,Sheffield United,0,0.03651983663439751,0.24947381764650345,0.17020796239376068
10913,André Onana,4,360,0,0,0,0,0,0,2,0,GK,Manchester United,0,0,0.5423292964696884,0.5423292964696884
11000,Matheus Nunes,2,180,0,0.10589331388473511,0,0.11348053254187107,1,3,0,1,M,Wolverhampton Wanderers,0,0.10589331388473511,0.6091113686561584,0.5032180547714233
11003,Ryan Yates,4,289,0,0.010263985022902489,0,0,1,0,1,0,M S,Nottingham Forest,0,0.010263985022902489,0.17480417154729366,0.16454018652439117
11007,Fábio Vieira,2,42,0,0.042633067816495895,2,0.9986213147640228,1,2,0,0,S,Arsenal,0,0.042633067816495895,0.6662588827311993,0
11055,Rasmus Højlund,1,20,0,0.15306898951530457,0,0,1,0,0,0,S,Manchester United,0,0.15306898951530457,0.23391000926494598,0.08084101974964142
11058,Julio Enciso,2,70,0,0.4382677674293518,2,1.22417414188385,4,2,1,0,M S,Brighton,0,0.4382677674293518,1.779298186302185,0.17649975419044495
11094,Antony,4,323,0,0.7337008807808161,0,1.2790917754173279,11,8,1,0,M,Manchester United,0,0.7337008807808161,3.700840562582016,2.7586040794849396
11231,Ben Doak,1,6,0,0,0,0,0,0,0,0,S,Liverpool,0,0,0,0
11232,Thomas Cannon,1,1,0,0,0,0,0,0,0,0,S,Everton,0,0,0,0
11296,Cody Gakpo,4,223,0,0.22764740884304047,0,0.1860075667500496,3,3,0,0,F M S,Liverpool,0,0.22764740884304047,0.6247674971818924,0.29648399353027344
11305,Mykhailo Mudryk,3,45,0,0.0671387193724513,0,0.07202459126710892,2,2,0,0,S,Chelsea,0,0.0671387193724513,0.13916330318897963,0
11317,Danilo,4,298,0,0.08356551360338926,0,0.07487189024686813,3,2,0,0,F M,Nottingham Forest,0,0.08356551360338926,0.7412457494065166,0.5828083455562592
11356,Enzo Fernández,4,360,0,1.676642321050167,0,1.4484959244728088,11,11,2,0,M,Chelsea,0,0.9154734946787357,3.8730115741491318,2.827464498579502
11357,Noni Madueke,2,29,0,0.05758169665932655,0,0,2,0,0,0,S,Chelsea,0,0.05758169665932655,0.09718232229351997,0.03960062935948372
11384,João Gomes,4,321,0,0.1541011780500412,0,0.12848396599292755,4,2,2,0,M,Wolverhampton Wanderers,0,0.1541011780500412,0.7918842919170856,0.5267579834908247
11486,Illia Zabarnyi,4,360,0,0,0,0,0,0,0,0,D,Bournemouth,0,0,0.47322317212820053,0.47322317212820053
11487,Michael Olakigbe,1,5,0,0.04614442214369774,0,0,1,0,0,0,S,Brentford,0,0.04614442214369774,0.04614442214369774,0
11699,Ameen Al Dakhil,3,270,0,0.10965944081544876,0,0,3,0,0,0,D,Burnley,0,0.10965944081544876,1.0234878286719322,1.0234878286719322
11700,Vitinho,1,90,0,0,0,0.05805481970310211,0,1,0,0,D,Burnley,0,0,0.11931239068508148,0.06125757470726967
11701,Zeki Amdouni,3,215,0,0.13357861153781414,0,0.4399324953556061,4,1,0,0,F,Burnley,0,0.13357861153781414,1.3020372577011585,0.728526160120964
11702,Benson Manuel,2,60,0,0,0,0,0,0,0,0,M S,Burnley,0,0,0.07961253635585308,0.07961253635585308
11703,Anass Zaroury,1,24,0,0.0639837458729744,0,0.013008161447942257,1,1,0,1,S,Burnley,0,0.0639837458729744,0.0639837458729744,0
11707,Jurriën Timber,1,56,0,0,0,0,0,0,1,0,D,Arsenal,0,0,0.19600066542625427,0.19600066542625427
11709,Milos Kerkez,4,360,0,0,0,0.050233641639351845,0,2,0,0,D,Bournemouth,0,0,1.0163852833211422,1.0163852833211422
11711,Bart Verbruggen,2,180,0,0,0,0,0,0,0,0,GK,Brighton,0,0,0.43272366747260094,0.43272366747260094
11712,Thomas Kaminski,3,270,0,0,0,0,0,0,0,0,GK,Luton,0,0,0.020794527605175972,0.020794527605175972
11713,Amari&#039;i Bell,3,270,0,0,0,0,0,0,0,0,D,Luton,0,0,0.6871718838810921,0.6871718838810921
11714,Tom Lockyer,2,180,0,0,0,0,0,0,1,0,D,Luton,0,0,0.029329784214496613,0.029329784214496613
11716,Pelly Ruddock Mpanzu,3,117,0,0.9549979642033577,0,0,3,0,0,0,M S,Luton,0,0.9549979642033577,0.9032046794891357,0
11718,Elijah Adebayo,3,210,0,0.25288480520248413,0,0.16102802939713,3,3,0,0,F,Luton,0,0.25288480520248413,0.45622968673706055,0.11594874039292336
11719,Chiedozie Ogbene,3,34,0,0.04392188787460327,0,0,1,0,0,0,S,Luton,0,0.04392188787460327,0.08815257251262665,0.044230684638023376
11720,Jacob Brown,3,60,0,0.1199127659201622,0,0,3,0,1,0,S,Luton,0,0.1199127659201622,0.07356046885251999,0
11721,Cauley Woodrow,2,5,0,0,0,0.1390698179602623,0,3,0,0,S,Luton,0,0,0.08815257251262665,0.044230684638023376
11722,Luke Berry,1,1,0,0,0,0,0,0,0,0,S,Luton,0,0,0,0
11723,Alfie Doughty,3,123,0,0.020794527605175972,0,0.10733500868082047,1,1,0,0,D S,Luton,0,0.020794527605175972,0.1749723106622696,0.046842776238918304
11728,Calvin Bassey,2,106,0,0,0,0,0,0,0,1,D S,Fulham,0,0,0,0
11729,Bénie Traoré,4,273,0,0.3212226927280426,0,0.23848271369934082,1,2,0,0,F M S,Sheffield United,0,0.3212226927280426,1.1546861231327057,0.5949807167053223
11730,Anis Ben Slimane,1,9,0,0,0,0,0,0,1,0,S,Sheffield United,0,0,0,0
11731,Andre Brooks,2,16,0,0,0,0,0,0,0,0,S,Sheffield United,0,0,0,0
11807,Ian Maatsen,3,12,0,0.03960062935948372,0,0.013619664125144482,1,1,1,0,S,Chelsea,0,0.03960062935948372,0.053220294415950775,0
11810,Mason Burstow,2,2,0,0,0,0,0,0,0,0,S,Chelsea,0,0,0,0
11903,Oscar Bobb,1,1,0,0,0,0,0,0,0,0,S,Manchester City,0,0,0.12880565226078033,0.12880565226078033
11926,Edson Álvarez,3,179,0,0.0643242746591568,0,0.05303558334708214,1,1,1,0,M S,West Ham,0,0.0643242746591568,0.6627934575080872,0.5454335808753967
11984,Youssef Chermiti,1,22,0,0.06607918441295624,0,0,1,0,1,0,S,Everton,0,0.06607918441295624,0,0
11998,Hannes Delcroix,2,129,0,0.23279432207345963,0,0.0830167606472969,4,2,1,0,D S,Burnley,0,0.23279432207345963,0.5750201642513275,0.4920034073293209
12027,Mohammed Kudus,1,1,0,0,0,0,0,0,0,0,S,West Ham,0,0,0,0
