,Team,xG,xGA,Date
0,Aston Villa,1.13718,1.35036,2021-08-14
1,Aston Villa,1.18426,0.63163,2021-08-21
2,Aston Villa,0.431464,1.13312,2021-08-28
3,Aston Villa,1.17349,1.22153,2021-09-11
4,Aston Villa,0.777716,0.755035,2021-09-18
5,Aston Villa,1.57249,1.9251,2021-09-25
6,Aston Villa,1.07395,1.78187,2021-10-03
7,Aston Villa,1.21276,2.19633,2021-10-16
8,Aston Villa,1.41088,3.4984,2021-10-22
9,Aston Villa,0.687551,2.66391,2021-10-31
10,Aston Villa,0.536077,0.89818,2021-11-05
11,Aston Villa,1.06946,0.582787,2021-11-20
12,Aston Villa,0.454305,0.962129,2021-11-27
13,Aston Villa,0.772083,1.01897,2021-12-01
14,Aston Villa,1.84818,0.982614,2021-12-05
15,Aston Villa,0.140573,2.71181,2021-12-11
16,Aston Villa,1.96261,0.502647,2021-12-14
17,Aston Villa,0.474029,2.8285,2021-12-26
18,Aston Villa,1.13821,0.501329,2022-01-02
19,Aston Villa,1.82784,1.35378,2022-01-15
20,Aston Villa,0.860245,1.2384,2022-01-22
21,Aston Villa,1.5013,2.52914,2022-02-09
22,Aston Villa,0.455206,0.527571,2022-02-13
23,Aston Villa,1.0267,1.82051,2022-02-19
24,Aston Villa,1.3027,0.627107,2022-02-26
25,Aston Villa,2.85379,1.32947,2022-03-05
26,Aston Villa,1.2729,0.194028,2022-03-10
27,Aston Villa,1.05391,1.58468,2022-03-13
28,Aston Villa,0.309375,1.14522,2022-03-19
29,Aston Villa,1.91256,1.62151,2022-04-02
30,Aston Villa,1.48712,0.983601,2022-04-09
31,Aston Villa,0.593202,0.235635,2022-04-23
32,Aston Villa,2.31192,0.352212,2022-04-30
33,Aston Villa,1.81256,1.31028,2022-05-07
34,Aston Villa,1.44726,1.75417,2022-05-10
35,Aston Villa,0.799443,1.39009,2022-05-15
36,Aston Villa,0.996403,1.63117,2022-05-19
37,Aston Villa,0.247841,3.3209,2022-05-22
38,Everton,2.38863,0.580601,2021-08-14
39,Everton,1.85713,0.966093,2021-08-21
40,Everton,1.54868,0.701622,2021-08-28
41,Everton,1.80386,1.82061,2021-09-13
42,Everton,0.755035,0.777716,2021-09-18
43,Everton,2.26681,0.800903,2021-09-25
44,Everton,1.32211,1.0496,2021-10-02
45,Everton,0.854165,2.03034,2021-10-17
46,Everton,1.84089,3.10344,2021-10-23
47,Everton,1.69767,1.69344,2021-11-01
48,Everton,0.597906,0.801798,2021-11-07
49,Everton,0.266894,2.61302,2021-11-21
50,Everton,0.968075,1.19813,2021-11-28
51,Everton,0.512263,2.86067,2021-12-01
52,Everton,1.06108,1.05723,2021-12-06
53,Everton,1.27556,2.09864,2021-12-12
54,Everton,0.627528,3.20239,2021-12-16
55,Everton,1.82698,1.48397,2022-01-02
56,Everton,0.541027,1.00153,2022-01-15
57,Everton,1.2384,0.860245,2022-01-22
58,Everton,0.823607,2.68732,2022-02-08
59,Everton,2.58561,0.242668,2022-02-12
60,Everton,0.19991,2.72851,2022-02-19
61,Everton,0.770819,1.93422,2022-02-26
62,Everton,0.208263,3.24279,2022-03-07
63,Everton,0.397268,0.712135,2022-03-13
64,Everton,0.708809,0.75803,2022-03-17
65,Everton,0.657846,1.49657,2022-04-03
66,Everton,2.31574,2.24439,2022-04-06
67,Everton,0.357295,0.762357,2022-04-09
68,Everton,1.68819,0.786333,2022-04-20
69,Everton,0.424961,1.70397,2022-04-24
70,Everton,1.11712,1.21141,2022-05-01
71,Everton,1.55635,1.47479,2022-05-08
72,Everton,0.812193,0.232236,2022-05-11
73,Everton,2.69589,1.81626,2022-05-15
74,Everton,0.813157,1.6023,2022-05-19
75,Everton,1.08601,4.35597,2022-05-22
76,Southampton,0.580601,2.38863,2021-08-14
77,Southampton,0.587526,2.26173,2021-08-22
78,Southampton,3.46036,1.19077,2021-08-28
79,Southampton,0.692135,0.725407,2021-09-11
80,Southampton,0.490923,1.22451,2021-09-18
81,Southampton,0.909342,0.909833,2021-09-26
82,Southampton,1.52634,3.79243,2021-10-02
83,Southampton,1.83082,0.446173,2021-10-16
84,Southampton,1.42567,0.673195,2021-10-23
85,Southampton,1.90757,0.852556,2021-10-30
86,Southampton,0.89818,0.536077,2021-11-05
87,Southampton,1.13118,0.43778,2021-11-20
88,Southampton,0.966132,3.07278,2021-11-27
89,Southampton,1.91169,1.4401,2021-12-01
90,Southampton,1.34236,1.4872,2021-12-04
91,Southampton,0.502215,2.08429,2021-12-11
92,Southampton,0.625183,1.49244,2021-12-15
93,Southampton,1.35643,1.53745,2021-12-26
94,Southampton,0.353043,2.80917,2021-12-28
95,Southampton,1.59306,0.621466,2022-01-11
96,Southampton,0.91728,2.29917,2022-01-15
97,Southampton,1.00222,1.62907,2022-01-22
98,Southampton,1.73293,1.74286,2022-02-09
99,Southampton,0.677386,2.99207,2022-02-12
100,Southampton,2.72851,0.19991,2022-02-19
101,Southampton,3.08863,0.424877,2022-02-25
102,Southampton,1.32947,2.85379,2022-03-05
103,Southampton,1.79835,0.812233,2022-03-10
104,Southampton,1.25696,1.29385,2022-03-13
105,Southampton,2.06387,1.50715,2022-04-02
106,Southampton,0.564726,4.39683,2022-04-09
107,Southampton,1.04007,1.35002,2022-04-16
108,Southampton,1.31837,2.14743,2022-04-21
109,Southampton,0.926764,1.87343,2022-04-24
110,Southampton,0.650256,0.756217,2022-04-30
111,Southampton,0.988574,3.68223,2022-05-07
112,Southampton,0.121506,1.19178,2022-05-17
113,Southampton,1.05141,3.42058,2022-05-22
114,Leicester City,0.668082,1.32714,2021-08-14
115,Leicester City,0.62676,2.28613,2021-08-23
116,Leicester City,1.27371,1.44084,2021-08-28
117,Leicester City,0.8001,2.75058,2021-09-11
118,Leicester City,1.25373,1.47438,2021-09-19
119,Leicester City,2.16233,0.428866,2021-09-25
120,Leicester City,1.04322,1.1703,2021-10-03
121,Leicester City,2.96611,1.02494,2021-10-16
122,Leicester City,1.00254,1.16789,2021-10-24
123,Leicester City,1.98801,1.10288,2021-10-30
124,Leicester City,0.795292,1.96551,2021-11-07
125,Leicester City,0.499504,2.57178,2021-11-20
126,Leicester City,2.16027,2.38383,2021-11-28
127,Leicester City,1.4401,1.91169,2021-12-01
128,Leicester City,0.982614,1.84818,2021-12-05
129,Leicester City,2.05771,0.511934,2021-12-12
130,Leicester City,2.43425,3.82869,2021-12-26
131,Leicester City,0.615892,2.72682,2021-12-28
132,Leicester City,1.95031,4.24711,2022-01-19
133,Leicester City,1.70979,1.19738,2022-01-23
134,Leicester City,0.544954,2.72997,2022-02-10
135,Leicester City,1.40693,0.745068,2022-02-13
136,Leicester City,1.55048,0.472777,2022-02-20
137,Leicester City,1.79558,1.04214,2022-03-01
138,Leicester City,0.359129,2.14389,2022-03-05
139,Leicester City,0.54911,2.93665,2022-03-13
140,Leicester City,1.27865,1.72466,2022-03-20
141,Leicester City,1.07638,0.902127,2022-04-02
142,Leicester City,0.879235,1.52767,2022-04-10
143,Leicester City,0.541084,2.54294,2022-04-17
144,Leicester City,0.786333,1.68819,2022-04-20
145,Leicester City,0.235635,0.593202,2022-04-23
146,Leicester City,0.274133,1.65338,2022-05-01
147,Leicester City,1.47479,1.55635,2022-05-08
148,Leicester City,2.57058,1.21966,2022-05-11
149,Leicester City,2.27297,2.58968,2022-05-15
150,Leicester City,0.0417972,1.61996,2022-05-19
151,Leicester City,3.42058,1.05141,2022-05-22
152,Crystal Palace,0.321701,1.18709,2021-08-14
153,Crystal Palace,0.606313,0.712439,2021-08-21
154,Crystal Palace,1.67658,1.44748,2021-08-28
155,Crystal Palace,2.89372,0.0775646,2021-09-11
156,Crystal Palace,0.644168,2.76793,2021-09-18
157,Crystal Palace,1.36836,0.649566,2021-09-27
158,Crystal Palace,1.1703,1.04322,2021-10-03
159,Crystal Palace,0.492239,1.7436,2021-10-18
160,Crystal Palace,2.25588,0.721813,2021-10-23
161,Crystal Palace,1.05029,0.65739,2021-10-30
162,Crystal Palace,2.65161,0.25416,2021-11-06
163,Crystal Palace,1.74839,1.04224,2021-11-20
164,Crystal Palace,0.962129,0.454305,2021-11-27
165,Crystal Palace,0.707328,1.9818,2021-11-30
166,Crystal Palace,0.520593,0.870376,2021-12-05
167,Crystal Palace,2.09864,1.27556,2021-12-12
168,Crystal Palace,1.49244,0.625183,2021-12-15
169,Crystal Palace,0.178324,2.82148,2021-12-26
170,Crystal Palace,2.38978,0.594134,2021-12-28
171,Crystal Palace,2.69204,2.23146,2022-01-01
172,Crystal Palace,0.509681,2.18053,2022-01-14
173,Crystal Palace,1.62615,1.49697,2022-01-23
174,Crystal Palace,1.22883,0.296411,2022-02-09
175,Crystal Palace,0.49802,1.97576,2022-02-12
176,Crystal Palace,0.624023,1.12339,2022-02-19
177,Crystal Palace,0.818403,1.71917,2022-02-23
178,Crystal Palace,1.03765,0.255988,2022-02-26
179,Crystal Palace,2.53759,0.710865,2022-03-05
180,Crystal Palace,0.474002,2.04021,2022-03-14
181,Crystal Palace,1.39707,1.05199,2022-04-04
182,Crystal Palace,1.52767,0.879235,2022-04-10
183,Crystal Palace,0.432788,0.767855,2022-04-20
184,Crystal Palace,1.61656,0.374044,2022-04-25
185,Crystal Palace,0.756217,0.650256,2022-04-30
186,Crystal Palace,2.49142,0.255373,2022-05-07
187,Crystal Palace,1.39009,0.799443,2022-05-15
188,Crystal Palace,1.6023,0.813157,2022-05-19
189,Crystal Palace,0.354618,0.782005,2022-05-22
190,Norwich City,1.3333,1.78728,2021-08-14
191,Norwich City,0.0250088,2.43928,2021-08-21
192,Norwich City,1.44084,1.27371,2021-08-28
193,Norwich City,0.577292,2.68515,2021-09-11
194,Norwich City,0.782665,2.42487,2021-09-18
195,Norwich City,0.800903,2.26681,2021-09-25
196,Norwich City,0.673617,0.584725,2021-10-02
197,Norwich City,1.16088,1.17572,2021-10-16
198,Norwich City,0.267429,3.10509,2021-10-23
199,Norwich City,0.661887,1.16855,2021-10-31
200,Norwich City,1.15797,2.79229,2021-11-06
201,Norwich City,0.43778,1.13118,2021-11-20
202,Norwich City,1.4047,0.297157,2021-11-27
203,Norwich City,1.51084,1.15636,2021-11-30
204,Norwich City,1.06562,2.00668,2021-12-05
205,Norwich City,0.986107,2.09817,2021-12-11
206,Norwich City,0.502647,1.96261,2021-12-14
207,Norwich City,0.154212,2.87539,2021-12-26
208,Norwich City,0.594134,2.38978,2021-12-28
209,Norwich City,0.343347,2.89217,2022-01-12
210,Norwich City,1.00153,0.541027,2022-01-15
211,Norwich City,0.925212,1.30606,2022-01-21
212,Norwich City,0.296411,1.22883,2022-02-09
213,Norwich City,0.356755,4.44653,2022-02-12
214,Norwich City,0.66975,3.15449,2022-02-19
215,Norwich City,0.424877,3.08863,2022-02-25
216,Norwich City,0.77334,2.22064,2022-03-05
217,Norwich City,0.965723,2.1308,2022-03-10
218,Norwich City,1.40148,3.11755,2022-03-13
219,Norwich City,0.494112,2.38297,2022-04-02
220,Norwich City,1.6723,1.44652,2022-04-10
221,Norwich City,1.79754,1.66737,2022-04-16
222,Norwich City,0.657661,1.87558,2022-04-23
223,Norwich City,0.352212,2.31192,2022-04-30
224,Norwich City,0.77895,3.25894,2022-05-08
225,Norwich City,1.21966,2.57058,2022-05-11
226,Norwich City,1.53212,0.999066,2022-05-15
227,Norwich City,0.310789,3.815,2022-05-22
228,Chelsea,1.18709,0.321701,2021-08-14
229,Chelsea,3.64132,0.630099,2021-08-22
230,Chelsea,0.573638,2.08462,2021-08-28
231,Chelsea,1.22153,1.17349,2021-09-11
232,Chelsea,2.5869,0.70567,2021-09-19
233,Chelsea,0.194202,1.69244,2021-09-25
234,Chelsea,3.79243,1.52634,2021-10-02
235,Chelsea,0.248256,1.62169,2021-10-16
236,Chelsea,3.10509,0.267429,2021-10-23
237,Chelsea,2.16608,0.157616,2021-10-30
238,Chelsea,3.00585,0.674072,2021-11-06
239,Chelsea,2.57178,0.499504,2021-11-20
240,Chelsea,2.34525,0.563367,2021-11-28
241,Chelsea,0.908574,0.990877,2021-12-01
242,Chelsea,1.37049,2.0174,2021-12-04
243,Chelsea,2.74844,1.72934,2021-12-11
244,Chelsea,3.20239,0.627528,2021-12-16
245,Chelsea,0.793952,0.321371,2021-12-19
246,Chelsea,2.8285,0.474029,2021-12-26
247,Chelsea,0.763458,0.78663,2021-12-29
248,Chelsea,1.389,1.78897,2022-01-02
249,Chelsea,0.613757,0.901703,2022-01-15
250,Chelsea,0.572994,0.747557,2022-01-18
251,Chelsea,1.04212,0.328818,2022-01-23
252,Chelsea,1.12339,0.624023,2022-02-19
253,Chelsea,2.2868,0.849232,2022-03-05
254,Chelsea,2.1308,0.965723,2022-03-10
255,Chelsea,1.07072,0.246037,2022-03-13
256,Chelsea,1.29014,2.43422,2022-04-02
257,Chelsea,4.39683,0.564726,2022-04-09
258,Chelsea,0.593801,1.87331,2022-04-20
259,Chelsea,2.34959,0.388975,2022-04-24
260,Chelsea,2.46868,0.618456,2022-04-28
261,Chelsea,1.21141,1.11712,2022-05-01
262,Chelsea,1.82098,1.6842,2022-05-07
263,Chelsea,1.46853,0.499789,2022-05-11
264,Chelsea,1.61996,0.0417972,2022-05-19
265,Chelsea,2.59231,0.575755,2022-05-22
266,West Ham,3.00939,1.67926,2021-08-15
267,West Ham,2.28613,0.62676,2021-08-23
268,West Ham,1.44748,1.67658,2021-08-28
269,West Ham,0.725407,0.692135,2021-09-11
270,West Ham,1.6671,1.8954,2021-09-19
271,West Ham,1.98962,1.1967,2021-09-25
272,West Ham,1.37258,1.30098,2021-10-03
273,West Ham,2.03034,0.854165,2021-10-17
274,West Ham,1.73468,0.672198,2021-10-24
275,West Ham,2.66391,0.687551,2021-10-31
276,West Ham,1.25298,1.45641,2021-11-07
277,West Ham,0.436331,1.31903,2021-11-20
278,West Ham,0.171763,2.72187,2021-11-28
279,West Ham,1.14679,1.2607,2021-12-01
280,West Ham,2.0174,1.37049,2021-12-04
281,West Ham,0.998813,0.54801,2021-12-12
282,West Ham,0.338855,2.81482,2021-12-15
283,West Ham,1.53745,1.35643,2021-12-26
284,West Ham,2.84084,1.0143,2021-12-28
285,West Ham,2.23146,2.69204,2022-01-01
286,West Ham,2.89217,0.343347,2022-01-12
287,West Ham,2.3549,2.26884,2022-01-16
288,West Ham,0.238027,1.75857,2022-01-22
289,West Ham,0.905143,0.335474,2022-02-08
290,West Ham,0.745068,1.40693,2022-02-13
291,West Ham,0.847948,0.932574,2022-02-19
292,West Ham,1.62241,0.892018,2022-02-27
293,West Ham,1.33829,2.18865,2022-03-05
294,West Ham,1.58468,1.05391,2022-03-13
295,West Ham,0.644964,2.54795,2022-03-20
296,West Ham,1.49657,0.657846,2022-04-03
297,West Ham,0.244824,1.85534,2022-04-10
298,West Ham,2.79175,1.88137,2022-04-17
299,West Ham,0.388975,2.34959,2022-04-24
300,West Ham,0.451976,0.964564,2022-05-01
301,West Ham,3.25894,0.77895,2022-05-08
302,West Ham,1.0088,2.14723,2022-05-15
303,West Ham,0.268845,1.67774,2022-05-22
304,Tottenham,1.06014,2.10585,2021-08-15
305,Tottenham,1.72636,1.51127,2021-08-22
306,Tottenham,0.920963,0.596016,2021-08-29
307,Tottenham,0.0775646,2.89372,2021-09-11
308,Tottenham,0.70567,2.5869,2021-09-19
309,Tottenham,0.980166,1.44499,2021-09-26
310,Tottenham,1.78187,1.07395,2021-10-03
311,Tottenham,1.55008,0.645658,2021-10-17
312,Tottenham,0.672198,1.73468,2021-10-24
313,Tottenham,1.15787,1.38612,2021-10-30
314,Tottenham,0.801798,0.597906,2021-11-07
315,Tottenham,2.31744,1.46689,2021-11-21
316,Tottenham,2.07248,0.225492,2021-12-02
317,Tottenham,2.00668,1.06562,2021-12-05
318,Tottenham,2.79777,1.54944,2021-12-19
319,Tottenham,2.82148,0.178324,2021-12-26
320,Tottenham,2.80917,0.353043,2021-12-28
321,Tottenham,1.93752,0.303514,2022-01-01
322,Tottenham,4.24711,1.95031,2022-01-19
323,Tottenham,0.328818,1.04212,2022-01-23
324,Tottenham,1.74286,1.73293,2022-02-09
325,Tottenham,0.838197,1.87026,2022-02-13
326,Tottenham,2.00235,2.31773,2022-02-19
327,Tottenham,0.691655,1.55576,2022-02-23
328,Tottenham,2.47025,1.89569,2022-02-26
329,Tottenham,3.24279,0.208263,2022-03-07
330,Tottenham,1.62374,1.0181,2022-03-12
331,Tottenham,2.05196,1.04171,2022-03-16
332,Tottenham,2.54795,0.644964,2022-03-20
333,Tottenham,3.6081,0.538152,2022-04-03
334,Tottenham,0.983601,1.48712,2022-04-09
335,Tottenham,0.58624,0.711155,2022-04-16
336,Tottenham,0.517755,1.3153,2022-04-23
337,Tottenham,1.65338,0.274133,2022-05-01
338,Tottenham,0.982635,1.0481,2022-05-07
339,Tottenham,3.42522,0.387446,2022-05-12
340,Tottenham,2.39449,0.629888,2022-05-15
341,Tottenham,3.815,0.310789,2022-05-22
342,Arsenal,1.02385,1.88818,2021-08-13
343,Arsenal,0.630099,3.64132,2021-08-22
344,Arsenal,0.116805,4.47273,2021-08-28
345,Arsenal,2.68515,0.577292,2021-09-11
346,Arsenal,1.09928,0.775574,2021-09-18
347,Arsenal,1.44499,0.980166,2021-09-26
348,Arsenal,0.36431,1.11551,2021-10-02
349,Arsenal,1.7436,0.492239,2021-10-18
350,Arsenal,3.4984,1.41088,2021-10-22
351,Arsenal,1.10288,1.98801,2021-10-30
352,Arsenal,1.49208,0.491659,2021-11-07
353,Arsenal,0.268025,3.97374,2021-11-20
354,Arsenal,2.84493,0.185383,2021-11-27
355,Arsenal,1.16638,1.85597,2021-12-02
356,Arsenal,1.05723,1.06108,2021-12-06
357,Arsenal,2.08429,0.502215,2021-12-11
358,Arsenal,2.81482,0.338855,2021-12-15
359,Arsenal,3.69008,1.31408,2021-12-18
360,Arsenal,2.87539,0.154212,2021-12-26
361,Arsenal,0.836949,1.94623,2022-01-01
362,Arsenal,1.35507,0.388963,2022-01-23
363,Arsenal,1.45247,0.641359,2022-02-10
364,Arsenal,1.52247,0.640726,2022-02-19
365,Arsenal,2.50961,1.10934,2022-02-24
366,Arsenal,1.00457,1.29603,2022-03-06
367,Arsenal,2.93665,0.54911,2022-03-13
368,Arsenal,0.534265,1.27681,2022-03-16
369,Arsenal,1.14522,0.309375,2022-03-19
370,Arsenal,1.05199,1.39707,2022-04-04
371,Arsenal,2.35153,0.596106,2022-04-09
372,Arsenal,1.35002,1.04007,2022-04-16
373,Arsenal,1.87331,0.593801,2022-04-20
374,Arsenal,2.54173,2.04244,2022-04-23
375,Arsenal,0.964564,0.451976,2022-05-01
376,Arsenal,2.7227,0.696785,2022-05-08
377,Arsenal,0.387446,3.42522,2022-05-12
378,Arsenal,0.492454,1.68299,2022-05-16
379,Arsenal,4.35597,1.08601,2022-05-22
380,Newcastle Utd,1.67926,3.00939,2021-08-15
381,Newcastle Utd,0.63163,1.18426,2021-08-21
382,Newcastle Utd,1.19077,3.46036,2021-08-28
383,Newcastle Utd,0.622042,2.77326,2021-09-11
384,Newcastle Utd,1.17668,1.42995,2021-09-17
385,Newcastle Utd,2.52338,0.904061,2021-09-25
386,Newcastle Utd,0.865217,1.15849,2021-10-02
387,Newcastle Utd,0.645658,1.55008,2021-10-17
388,Newcastle Utd,0.721813,2.25588,2021-10-23
389,Newcastle Utd,0.157616,2.16608,2021-10-30
390,Newcastle Utd,0.227321,1.43123,2021-11-06
391,Newcastle Utd,2.18388,1.23275,2021-11-20
392,Newcastle Utd,0.185383,2.84493,2021-11-27
393,Newcastle Utd,1.15636,1.51084,2021-11-30
394,Newcastle Utd,1.70609,0.604599,2021-12-04
395,Newcastle Utd,0.511934,2.05771,2021-12-12
396,Newcastle Utd,0.2064,2.93912,2021-12-16
397,Newcastle Utd,0.174208,3.64686,2021-12-19
398,Newcastle Utd,1.26586,1.75587,2021-12-27
399,Newcastle Utd,1.03855,1.49623,2022-01-15
400,Newcastle Utd,1.15904,1.12992,2022-01-22
401,Newcastle Utd,2.68732,0.823607,2022-02-08
402,Newcastle Utd,0.527571,0.455206,2022-02-13
403,Newcastle Utd,0.932574,0.847948,2022-02-19
404,Newcastle Utd,2.25373,0.494232,2022-02-26
405,Newcastle Utd,1.58028,1.64995,2022-03-05
406,Newcastle Utd,0.812233,1.79835,2022-03-10
407,Newcastle Utd,0.246037,1.07072,2022-03-13
408,Newcastle Utd,0.75803,0.708809,2022-03-17
409,Newcastle Utd,0.538152,3.6081,2022-04-03
410,Newcastle Utd,1.43878,0.306867,2022-04-08
411,Newcastle Utd,2.54294,0.541084,2022-04-17
412,Newcastle Utd,0.767855,0.432788,2022-04-20
413,Newcastle Utd,1.87558,0.657661,2022-04-23
414,Newcastle Utd,0.115353,2.73435,2022-04-30
415,Newcastle Utd,0.995099,4.05613,2022-05-08
416,Newcastle Utd,1.68299,0.492454,2022-05-16
417,Newcastle Utd,1.74291,1.49164,2022-05-22
418,Liverpool,1.78728,1.3333,2021-08-14
419,Liverpool,2.63945,0.690464,2021-08-21
420,Liverpool,2.08462,0.573638,2021-08-28
421,Liverpool,4.4016,0.652514,2021-09-12
422,Liverpool,2.76793,0.644168,2021-09-18
423,Liverpool,2.25736,2.94058,2021-09-25
424,Liverpool,0.949368,1.04319,2021-10-03
425,Liverpool,3.65553,0.302302,2021-10-16
426,Liverpool,4.04765,1.35584,2021-10-24
427,Liverpool,1.39778,1.51032,2021-10-30
428,Liverpool,1.45641,1.25298,2021-11-07
429,Liverpool,3.97374,0.268025,2021-11-20
430,Liverpool,3.07278,0.966132,2021-11-27
431,Liverpool,2.86067,0.512263,2021-12-01
432,Liverpool,2.42332,0.095167,2021-12-04
433,Liverpool,2.71181,0.140573,2021-12-11
434,Liverpool,2.93912,0.2064,2021-12-16
435,Liverpool,1.54944,2.79777,2021-12-19
436,Liverpool,2.72682,0.615892,2021-12-28
437,Liverpool,1.78897,1.389,2022-01-02
438,Liverpool,3.49099,0.376656,2022-01-16
439,Liverpool,1.49697,1.62615,2022-01-23
440,Liverpool,2.72997,0.544954,2022-02-10
441,Liverpool,1.95722,1.16081,2022-02-13
442,Liverpool,3.15449,0.66975,2022-02-19
443,Liverpool,5.3303,0.141547,2022-02-23
444,Liverpool,2.18865,1.33829,2022-03-05
445,Liverpool,2.48312,0.629316,2022-03-12
446,Liverpool,1.27681,0.534265,2022-03-16
447,Liverpool,2.23651,0.753307,2022-04-02
448,Liverpool,1.29983,1.34647,2022-04-10
449,Liverpool,2.25967,0.110227,2022-04-19
450,Liverpool,1.70397,0.424961,2022-04-24
451,Liverpool,2.73435,0.115353,2022-04-30
452,Liverpool,1.0481,0.982635,2022-05-07
453,Liverpool,1.75417,1.44726,2022-05-10
454,Liverpool,1.19178,0.121506,2022-05-17
455,Liverpool,3.19385,1.11708,2022-05-22
456,Manchester City,2.10585,1.06014,2021-08-15
457,Manchester City,2.43928,0.0250088,2021-08-21
458,Manchester City,4.47273,0.116805,2021-08-28
459,Manchester City,2.75058,0.8001,2021-09-11
460,Manchester City,1.22451,0.490923,2021-09-18
461,Manchester City,1.69244,0.194202,2021-09-25
462,Manchester City,1.04319,0.949368,2021-10-03
463,Manchester City,2.15712,1.07719,2021-10-16
464,Manchester City,3.57376,1.1695,2021-10-23
465,Manchester City,0.65739,1.05029,2021-10-30
466,Manchester City,2.04202,0.759561,2021-11-06
467,Manchester City,2.61302,0.266894,2021-11-21
468,Manchester City,2.72187,0.171763,2021-11-28
469,Manchester City,1.01897,0.772083,2021-12-01
470,Manchester City,4.03223,0.675105,2021-12-04
471,Manchester City,2.99915,0.0762839,2021-12-11
472,Manchester City,3.31349,0.227498,2021-12-14
473,Manchester City,3.64686,0.174208,2021-12-19
474,Manchester City,3.82869,2.43425,2021-12-26
475,Manchester City,1.01763,0.238829,2021-12-29
476,Manchester City,1.94623,0.836949,2022-01-01
477,Manchester City,0.901703,0.613757,2022-01-15
478,Manchester City,1.62907,1.00222,2022-01-22
479,Manchester City,1.98246,0.461305,2022-02-09
480,Manchester City,4.44653,0.356755,2022-02-12
481,Manchester City,2.31773,2.00235,2022-02-19
482,Manchester City,1.93422,0.770819,2022-02-26
483,Manchester City,2.74434,0.361782,2022-03-06
484,Manchester City,2.04021,0.474002,2022-03-14
485,Manchester City,1.62008,0.0591223,2022-04-02
486,Manchester City,1.34647,1.29983,2022-04-10
487,Manchester City,1.52844,0.117354,2022-04-20
488,Manchester City,3.68,0.42632,2022-04-23
489,Manchester City,3.01431,1.03608,2022-04-30
490,Manchester City,4.05613,0.995099,2022-05-08
491,Manchester City,3.39304,0.411857,2022-05-11
492,Manchester City,2.14723,1.0088,2022-05-15
493,Manchester City,3.3209,0.247841,2022-05-22
494,Manchester Utd,1.64248,0.568342,2021-08-14
495,Manchester Utd,2.26173,0.587526,2021-08-22
496,Manchester Utd,0.944083,1.79575,2021-08-29
497,Manchester Utd,2.77326,0.622042,2021-09-11
498,Manchester Utd,1.8954,1.6671,2021-09-19
499,Manchester Utd,1.9251,1.57249,2021-09-25
500,Manchester Utd,1.0496,1.32211,2021-10-02
501,Manchester Utd,1.02494,2.96611,2021-10-16
502,Manchester Utd,1.35584,4.04765,2021-10-24
503,Manchester Utd,1.38612,1.15787,2021-10-30
504,Manchester Utd,0.759561,2.04202,2021-11-06
505,Manchester Utd,1.66794,2.73393,2021-11-20
506,Manchester Utd,0.563367,2.34525,2021-11-28
507,Manchester Utd,1.85597,1.16638,2021-12-02
508,Manchester Utd,0.870376,0.520593,2021-12-05
509,Manchester Utd,2.09817,0.986107,2021-12-11
510,Manchester Utd,1.75587,1.26586,2021-12-27
511,Manchester Utd,1.80776,0.871738,2021-12-30
512,Manchester Utd,0.768752,0.840925,2022-01-03
513,Manchester Utd,1.35378,1.82784,2022-01-15
514,Manchester Utd,2.05969,2.081,2022-01-19
515,Manchester Utd,1.75857,0.238027,2022-01-22
516,Manchester Utd,1.83387,0.772721,2022-02-08
517,Manchester Utd,2.99207,0.677386,2022-02-12
518,Manchester Utd,2.74936,1.26179,2022-02-15
519,Manchester Utd,2.60999,1.74476,2022-02-20
520,Manchester Utd,2.41457,0.437185,2022-02-26
521,Manchester Utd,0.361782,2.74434,2022-03-06
522,Manchester Utd,1.0181,1.62374,2022-03-12
523,Manchester Utd,0.902127,1.07638,2022-04-02
524,Manchester Utd,0.762357,0.357295,2022-04-09
525,Manchester Utd,1.66737,1.79754,2022-04-16
526,Manchester Utd,0.110227,2.25967,2022-04-19
527,Manchester Utd,2.04244,2.54173,2022-04-23
528,Manchester Utd,0.618456,2.46868,2022-04-28
529,Manchester Utd,1.84111,0.681425,2022-05-02
530,Manchester Utd,0.930715,2.82636,2022-05-07
531,Manchester Utd,0.782005,0.354618,2022-05-22
532,Watford,1.35036,1.13718,2021-08-14
533,Watford,0.407224,1.77896,2021-08-21
534,Watford,0.596016,0.920963,2021-08-29
535,Watford,0.185407,2.55922,2021-09-11
536,Watford,2.42487,0.782665,2021-09-18
537,Watford,0.904061,2.52338,2021-09-25
538,Watford,0.192794,1.57388,2021-10-02
539,Watford,0.302302,3.65553,2021-10-16
540,Watford,3.10344,1.84089,2021-10-23
541,Watford,0.852556,1.90757,2021-10-30
542,Watford,0.491659,1.49208,2021-11-07
543,Watford,2.73393,1.66794,2021-11-20
544,Watford,2.38383,2.16027,2021-11-28
545,Watford,0.990877,0.908574,2021-12-01
546,Watford,0.675105,4.03223,2021-12-04
547,Watford,0.561554,1.82799,2021-12-10
548,Watford,1.0143,2.84084,2021-12-28
549,Watford,0.303514,1.93752,2022-01-01
550,Watford,1.49623,1.03855,2022-01-15
551,Watford,1.30606,0.925212,2022-01-21
552,Watford,0.933965,0.765905,2022-02-05
553,Watford,0.335474,0.905143,2022-02-08
554,Watford,0.532979,1.80456,2022-02-12
555,Watford,1.82051,1.0267,2022-02-19
556,Watford,1.71917,0.818403,2022-02-23
557,Watford,0.437185,2.41457,2022-02-26
558,Watford,1.29603,1.00457,2022-03-06
559,Watford,0.498696,1.55037,2022-03-10
560,Watford,1.29385,1.25696,2022-03-13
561,Watford,0.753307,2.23651,2022-04-02
562,Watford,1.07422,0.895612,2022-04-09
563,Watford,1.50381,2.12457,2022-04-16
564,Watford,0.42632,3.68,2022-04-23
565,Watford,0.785742,1.37022,2022-04-30
566,Watford,0.255373,2.49142,2022-05-07
567,Watford,0.232236,0.812193,2022-05-11
568,Watford,2.58968,2.27297,2022-05-15
569,Watford,0.575755,2.59231,2022-05-22
570,Burnley,1.79548,1.6853,2021-08-14
571,Burnley,0.690464,2.63945,2021-08-21
572,Burnley,1.71102,1.52078,2021-08-29
573,Burnley,1.82061,1.80386,2021-09-13
574,Burnley,0.775574,1.09928,2021-09-18
575,Burnley,0.428866,2.16233,2021-09-25
576,Burnley,0.584725,0.673617,2021-10-02
577,Burnley,1.07719,2.15712,2021-10-16
578,Burnley,0.673195,1.42567,2021-10-23
579,Burnley,2.72901,0.834312,2021-10-30
580,Burnley,0.674072,3.00585,2021-11-06
581,Burnley,1.04224,1.74839,2021-11-20
582,Burnley,0.195537,0.711691,2021-12-01
583,Burnley,0.604599,1.70609,2021-12-04
584,Burnley,0.54801,0.998813,2021-12-12
585,Burnley,0.871738,1.80776,2021-12-30
586,Burnley,0.960493,2.04186,2022-01-02
587,Burnley,0.388963,1.35507,2022-01-23
588,Burnley,0.765905,0.933965,2022-02-05
589,Burnley,0.772721,1.83387,2022-02-08
590,Burnley,1.16081,1.95722,2022-02-13
591,Burnley,0.821228,0.44587,2022-02-19
592,Burnley,1.55576,0.691655,2022-02-23
593,Burnley,0.255988,1.03765,2022-02-26
594,Burnley,1.04214,1.79558,2022-03-01
595,Burnley,0.849232,2.2868,2022-03-05
596,Burnley,0.825311,1.82002,2022-03-12
597,Burnley,0.0591223,1.62008,2022-04-02
598,Burnley,2.24439,2.31574,2022-04-06
599,Burnley,1.44652,1.6723,2022-04-10
600,Burnley,1.88137,2.79175,2022-04-17
601,Burnley,2.14743,1.31837,2022-04-21
602,Burnley,1.27298,0.592902,2022-04-24
603,Burnley,1.37022,0.785742,2022-04-30
604,Burnley,1.31028,1.81256,2022-05-07
605,Burnley,0.629888,2.39449,2022-05-15
606,Burnley,1.63117,0.996403,2022-05-19
607,Burnley,1.49164,1.74291,2022-05-22
608,Brighton,1.6853,1.79548,2021-08-14
609,Brighton,1.77896,0.407224,2021-08-21
610,Brighton,0.701622,1.54868,2021-08-28
611,Brighton,0.287902,0.729786,2021-09-11
612,Brighton,1.47438,1.25373,2021-09-19
613,Brighton,0.649566,1.36836,2021-09-27
614,Brighton,1.11551,0.36431,2021-10-02
615,Brighton,1.17572,1.16088,2021-10-16
616,Brighton,1.1695,3.57376,2021-10-23
617,Brighton,1.51032,1.39778,2021-10-30
618,Brighton,1.43123,0.227321,2021-11-06
619,Brighton,0.582787,1.06946,2021-11-20
620,Brighton,1.90498,0.864829,2021-11-27
621,Brighton,1.2607,1.14679,2021-12-01
622,Brighton,1.4872,1.34236,2021-12-04
623,Brighton,1.20118,1.11736,2021-12-15
624,Brighton,0.943363,1.10342,2021-12-26
625,Brighton,0.78663,0.763458,2021-12-29
626,Brighton,1.48397,1.82698,2022-01-02
627,Brighton,2.18053,0.509681,2022-01-14
628,Brighton,0.747557,0.572994,2022-01-18
629,Brighton,1.19738,1.70979,2022-01-23
630,Brighton,1.80456,0.532979,2022-02-12
631,Brighton,1.26179,2.74936,2022-02-15
632,Brighton,0.44587,0.821228,2022-02-19
633,Brighton,0.627107,1.3027,2022-02-26
634,Brighton,1.64995,1.58028,2022-03-05
635,Brighton,0.629316,2.48312,2022-03-12
636,Brighton,1.04171,2.05196,2022-03-16
637,Brighton,2.38297,0.494112,2022-04-02
638,Brighton,0.596106,2.35153,2022-04-09
639,Brighton,0.711155,0.58624,2022-04-16
640,Brighton,0.117354,1.52844,2022-04-20
641,Brighton,1.87343,0.926764,2022-04-24
642,Brighton,2.90679,0.525912,2022-04-30
643,Brighton,2.82636,0.930715,2022-05-07
644,Brighton,2.25898,2.22282,2022-05-15
645,Brighton,1.67774,0.268845,2022-05-22
646,Wolves,1.32714,0.668082,2021-08-14
647,Wolves,1.51127,1.72636,2021-08-22
648,Wolves,1.79575,0.944083,2021-08-29
649,Wolves,2.55922,0.185407,2021-09-11
650,Wolves,1.02316,2.32741,2021-09-18
651,Wolves,0.909833,0.909342,2021-09-26
652,Wolves,1.15849,0.865217,2021-10-02
653,Wolves,2.19633,1.21276,2021-10-16
654,Wolves,0.858644,1.71313,2021-10-23
655,Wolves,1.69344,1.69767,2021-11-01
656,Wolves,0.25416,2.65161,2021-11-06
657,Wolves,1.31903,0.436331,2021-11-20
658,Wolves,0.297157,1.4047,2021-11-27
659,Wolves,0.711691,0.195537,2021-12-01
660,Wolves,0.095167,2.42332,2021-12-04
661,Wolves,0.0762839,2.99915,2021-12-11
662,Wolves,1.11736,1.20118,2021-12-15
663,Wolves,0.321371,0.793952,2021-12-19
664,Wolves,0.840925,0.768752,2022-01-03
665,Wolves,2.29917,0.91728,2022-01-15
666,Wolves,0.218211,0.742573,2022-01-22
667,Wolves,0.641359,1.45247,2022-02-10
668,Wolves,1.87026,0.838197,2022-02-13
669,Wolves,0.472777,1.55048,2022-02-20
670,Wolves,1.10934,2.50961,2022-02-24
671,Wolves,0.892018,1.62241,2022-02-27
672,Wolves,0.710865,2.53759,2022-03-05
673,Wolves,1.55037,0.498696,2022-03-10
674,Wolves,0.712135,0.397268,2022-03-13
675,Wolves,1.24075,2.82103,2022-03-18
676,Wolves,1.62151,1.91256,2022-04-02
677,Wolves,0.306867,1.43878,2022-04-08
678,Wolves,0.592902,1.27298,2022-04-24
679,Wolves,0.525912,2.90679,2022-04-30
680,Wolves,1.6842,1.82098,2022-05-07
681,Wolves,0.411857,3.39304,2022-05-11
682,Wolves,0.999066,1.53212,2022-05-15
683,Wolves,1.11708,3.19385,2022-05-22
684,Brentford,1.88818,1.02385,2021-08-13
685,Brentford,0.712439,0.606313,2021-08-21
686,Brentford,1.13312,0.431464,2021-08-28
687,Brentford,0.729786,0.287902,2021-09-11
688,Brentford,2.32741,1.02316,2021-09-18
689,Brentford,2.94058,2.25736,2021-09-25
690,Brentford,1.30098,1.37258,2021-10-03
691,Brentford,1.62169,0.248256,2021-10-16
692,Brentford,1.16789,1.00254,2021-10-24
693,Brentford,0.834312,2.72901,2021-10-30
694,Brentford,2.79229,1.15797,2021-11-06
695,Brentford,1.23275,2.18388,2021-11-20
696,Brentford,1.19813,0.968075,2021-11-28
697,Brentford,0.225492,2.07248,2021-12-02
698,Brentford,1.19959,1.41896,2021-12-05
699,Brentford,1.82799,0.561554,2021-12-10
700,Brentford,1.10342,0.943363,2021-12-26
701,Brentford,0.238829,1.01763,2021-12-29
702,Brentford,0.501329,1.13821,2022-01-02
703,Brentford,0.621466,1.59306,2022-01-11
704,Brentford,0.376656,3.49099,2022-01-16
705,Brentford,2.081,2.05969,2022-01-19
706,Brentford,0.742573,0.218211,2022-01-22
707,Brentford,0.461305,1.98246,2022-02-09
708,Brentford,1.97576,0.49802,2022-02-12
709,Brentford,0.640726,1.52247,2022-02-19
710,Brentford,0.494232,2.25373,2022-02-26
711,Brentford,2.22064,0.77334,2022-03-05
712,Brentford,1.82002,0.825311,2022-03-12
713,Brentford,1.72466,1.27865,2022-03-20
714,Brentford,2.43422,1.29014,2022-04-02
715,Brentford,1.85534,0.244824,2022-04-10
716,Brentford,2.12457,1.50381,2022-04-16
717,Brentford,1.3153,0.517755,2022-04-23
718,Brentford,0.681425,1.84111,2022-05-02
719,Brentford,3.68223,0.988574,2022-05-07
720,Brentford,1.81626,2.69589,2022-05-15
721,Brentford,0.844985,1.47786,2022-05-22
722,Leeds United,0.568342,1.64248,2021-08-14
723,Leeds United,0.966093,1.85713,2021-08-21
724,Leeds United,1.52078,1.71102,2021-08-29
725,Leeds United,0.652514,4.4016,2021-09-12
726,Leeds United,1.42995,1.17668,2021-09-17
727,Leeds United,1.1967,1.98962,2021-09-25
728,Leeds United,1.57388,0.192794,2021-10-02
729,Leeds United,0.446173,1.83082,2021-10-16
730,Leeds United,1.71313,0.858644,2021-10-23
731,Leeds United,1.16855,0.661887,2021-10-31
732,Leeds United,1.96551,0.795292,2021-11-07
733,Leeds United,1.46689,2.31744,2021-11-21
734,Leeds United,0.864829,1.90498,2021-11-27
735,Leeds United,1.9818,0.707328,2021-11-30
736,Leeds United,1.41896,1.19959,2021-12-05
737,Leeds United,1.72934,2.74844,2021-12-11
738,Leeds United,0.227498,3.31349,2021-12-14
739,Leeds United,1.31408,3.69008,2021-12-18
740,Leeds United,2.04186,0.960493,2022-01-02
741,Leeds United,2.26884,2.3549,2022-01-16
742,Leeds United,1.12992,1.15904,2022-01-22
743,Leeds United,2.52914,1.5013,2022-02-09
744,Leeds United,0.242668,2.58561,2022-02-12
745,Leeds United,1.74476,2.60999,2022-02-20
746,Leeds United,0.141547,5.3303,2022-02-23
747,Leeds United,1.89569,2.47025,2022-02-26
748,Leeds United,2.14389,0.359129,2022-03-05
749,Leeds United,0.194028,1.2729,2022-03-10
750,Leeds United,3.11755,1.40148,2022-03-13
751,Leeds United,2.82103,1.24075,2022-03-18
752,Leeds United,1.50715,2.06387,2022-04-02
753,Leeds United,0.895612,1.07422,2022-04-09
754,Leeds United,0.374044,1.61656,2022-04-25
755,Leeds United,1.03608,3.01431,2022-04-30
756,Leeds United,0.696785,2.7227,2022-05-08
757,Leeds United,0.499789,1.46853,2022-05-11
758,Leeds United,2.22282,2.25898,2022-05-15
759,Leeds United,1.47786,0.844985,2022-05-22
760,Aston Villa,0.488895,0.588341,2022-08-06
761,Aston Villa,2.66696,1.37507,2022-08-13
762,Aston Villa,0.803828,2.91137,2022-08-20
763,Aston Villa,0.304555,0.334589,2022-08-28
764,Aston Villa,0.297168,2.79971,2022-08-31
765,Aston Villa,0.279392,1.92143,2022-09-03
766,Aston Villa,1.34365,0.218302,2022-09-16
767,Aston Villa,1.89645,0.298626,2022-10-02
768,Aston Villa,0.657187,0.221346,2022-10-10
769,Aston Villa,2.44542,1.23643,2022-10-16
770,Aston Villa,0.711487,2.892,2022-10-20
771,Aston Villa,3.45617,1.00462,2022-10-23
772,Aston Villa,0.270814,4.18808,2022-10-29
773,Aston Villa,0.578563,0.517189,2022-11-06
774,Aston Villa,1.15437,0.829107,2022-11-13
775,Aston Villa,1.69155,3.50694,2022-12-26
776,Aston Villa,1.21733,0.569383,2023-01-01
777,Aston Villa,1.03226,0.832522,2023-01-04
778,Aston Villa,1.64599,2.46295,2023-01-13
779,Aston Villa,1.16432,0.672444,2023-01-21
780,Aston Villa,1.4989,2.49784,2023-02-04
781,Aston Villa,0.275348,3.60987,2023-02-12
782,Aston Villa,0.335752,2.85981,2023-02-18
783,Aston Villa,2.06037,1.54109,2023-02-25
784,Aston Villa,0.890605,0.152761,2023-03-04
785,Aston Villa,1.99139,2.14634,2023-03-12
786,Aston Villa,3.45474,0.50014,2023-03-18
787,Aston Villa,0.765794,2.38024,2023-04-01
788,Aston Villa,1.00159,0.671597,2023-04-04
789,Aston Villa,1.42718,0.232452,2023-04-08
790,Aston Villa,1.91802,0.425086,2023-04-15
791,Aston Villa,1.66602,2.03162,2023-04-22
792,Aston Villa,0.839159,0.079864,2023-04-25
793,Aston Villa,0.434738,1.3056,2023-04-30
794,Aston Villa,1.50158,0.80605,2023-05-06
795,Aston Villa,1.79987,1.18505,2023-05-13
796,Aston Villa,1.46948,0.918508,2023-05-20
797,Aston Villa,2.55845,1.23117,2023-05-28
798,Everton,0.541983,1.92315,2022-08-06
799,Everton,1.37507,2.66696,2022-08-13
800,Everton,1.43408,0.918315,2022-08-20
801,Everton,1.65465,2.28391,2022-08-27
802,Everton,1.17189,1.04551,2022-08-30
803,Everton,1.39169,1.38617,2022-09-03
804,Everton,0.39773,0.655351,2022-09-18
805,Everton,1.99979,1.95961,2022-10-01
806,Everton,0.365844,1.82612,2022-10-09
807,Everton,0.560039,2.49409,2022-10-15
808,Everton,0.0609567,1.13393,2022-10-19
809,Everton,1.93396,0.597167,2022-10-22
810,Everton,1.19166,1.76438,2022-10-29
811,Everton,1.3729,2.2679,2022-11-05
812,Everton,0.768756,2.45642,2022-11-12
813,Everton,1.22653,1.22076,2022-12-26
814,Everton,0.0760019,2.36333,2022-12-31
815,Everton,1.16896,2.50731,2023-01-03
816,Everton,1.18191,1.08412,2023-01-14
817,Everton,0.286826,2.46879,2023-01-21
818,Everton,2.09191,0.690102,2023-02-04
819,Everton,0.402331,2.23291,2023-02-13
820,Everton,1.53811,0.597403,2023-02-18
821,Everton,1.54109,2.06037,2023-02-25
822,Everton,1.604,3.06919,2023-03-01
823,Everton,1.70877,0.799733,2023-03-05
824,Everton,1.71599,1.95088,2023-03-11
825,Everton,1.64675,1.90027,2023-03-18
826,Everton,0.823365,1.39177,2023-04-03
827,Everton,0.949183,4.38578,2023-04-08
828,Everton,2.24262,1.92209,2023-04-15
829,Everton,0.433712,0.368137,2023-04-22
830,Everton,0.777008,2.86368,2023-04-27
831,Everton,3.28648,3.32486,2023-05-01
832,Everton,2.94223,3.23717,2023-05-08
833,Everton,1.18597,1.04338,2023-05-14
834,Everton,2.46976,1.28976,2023-05-20
835,Everton,1.12933,0.432084,2023-05-28
836,Bournemouth,0.588341,0.488895,2022-08-06
837,Bournemouth,0.123946,1.69064,2022-08-13
838,Bournemouth,0.211335,1.71081,2022-08-20
839,Bournemouth,0.180991,4.86035,2022-08-27
840,Bournemouth,0.362035,1.53246,2022-08-31
841,Bournemouth,0.905041,1.32895,2022-09-03
842,Bournemouth,0.976948,1.54758,2022-09-17
843,Bournemouth,0.758128,1.046,2022-10-01
844,Bournemouth,1.14891,1.18125,2022-10-08
845,Bournemouth,1.62829,1.61738,2022-10-15
846,Bournemouth,0.810452,1.23878,2022-10-19
847,Bournemouth,0.730443,1.97715,2022-10-24
848,Bournemouth,0.887533,2.1946,2022-10-29
849,Bournemouth,1.55594,2.22532,2022-11-05
850,Bournemouth,2.45642,0.768756,2022-11-12
851,Bournemouth,0.44307,1.91378,2022-12-27
852,Bournemouth,0.895819,1.75264,2022-12-31
853,Bournemouth,0.679022,2.97383,2023-01-03
854,Bournemouth,0.269283,1.29815,2023-01-14
855,Bournemouth,1.80549,1.57544,2023-01-21
856,Bournemouth,0.908298,2.55696,2023-02-04
857,Bournemouth,1.54458,1.54853,2023-02-11
858,Bournemouth,1.15274,0.911415,2023-02-18
859,Bournemouth,1.08527,2.98206,2023-02-25
860,Bournemouth,1.74267,2.46279,2023-03-04
861,Bournemouth,1.10128,2.13465,2023-03-11
862,Bournemouth,0.50014,3.45474,2023-03-18
863,Bournemouth,3.14054,0.601049,2023-04-01
864,Bournemouth,1.15322,2.63392,2023-04-04
865,Bournemouth,1.92396,0.731965,2023-04-08
866,Bournemouth,1.20598,2.30604,2023-04-15
867,Bournemouth,0.974687,2.52322,2023-04-23
868,Bournemouth,0.988554,0.477034,2023-04-27
869,Bournemouth,2.51723,1.33691,2023-04-30
870,Bournemouth,1.21755,1.76852,2023-05-06
871,Bournemouth,0.262022,1.40237,2023-05-13
872,Bournemouth,0.815723,1.71783,2023-05-20
873,Bournemouth,0.432084,1.12933,2023-05-28
874,Southampton,0.386546,1.6172,2022-08-06
875,Southampton,1.40906,1.99694,2022-08-13
876,Southampton,1.24155,0.242948,2022-08-20
877,Southampton,1.35887,1.34359,2022-08-27
878,Southampton,1.44086,1.5047,2022-08-30
879,Southampton,1.20838,1.10039,2022-09-03
880,Southampton,0.218302,1.34365,2022-09-16
881,Southampton,1.95961,1.99979,2022-10-01
882,Southampton,0.101148,2.73536,2022-10-08
883,Southampton,0.524479,1.70727,2022-10-16
884,Southampton,1.23878,0.810452,2022-10-19
885,Southampton,0.622653,1.57897,2022-10-23
886,Southampton,1.35803,1.00384,2022-10-29
887,Southampton,1.65228,1.42101,2022-11-06
888,Southampton,1.43427,2.74418,2022-11-12
889,Southampton,1.70709,1.00714,2022-12-26
890,Southampton,0.698711,1.49305,2022-12-31
891,Southampton,0.62937,1.22324,2023-01-04
892,Southampton,1.08412,1.18191,2023-01-14
893,Southampton,0.672444,1.16432,2023-01-21
894,Southampton,0.644385,2.36747,2023-02-04
895,Southampton,1.30203,0.615651,2023-02-11
896,Southampton,0.619532,1.61723,2023-02-18
897,Southampton,0.391128,0.720048,2023-02-25
898,Southampton,1.34332,1.67051,2023-03-04
899,Southampton,1.18053,0.910911,2023-03-12
900,Southampton,0.358977,1.66591,2023-03-15
901,Southampton,2.52077,1.88473,2023-03-18
902,Southampton,0.318261,1.40363,2023-04-02
903,Southampton,0.492801,3.05999,2023-04-08
904,Southampton,0.678449,0.86306,2023-04-15
905,Southampton,1.43063,2.39609,2023-04-21
906,Southampton,0.477034,0.988554,2023-04-27
907,Southampton,0.897175,3.91457,2023-04-30
908,Southampton,3.31096,1.91326,2023-05-08
909,Southampton,0.149649,1.27085,2023-05-13
910,Southampton,0.863659,2.41418,2023-05-21
911,Southampton,1.33964,4.00345,2023-05-28
912,Leicester City,0.455695,0.931067,2022-08-07
913,Leicester City,0.690679,3.0107,2022-08-13
914,Leicester City,0.242948,1.24155,2022-08-20
915,Leicester City,1.96023,1.74916,2022-08-27
916,Leicester City,0.615266,1.09969,2022-09-01
917,Leicester City,1.06549,2.73166,2022-09-04
918,Leicester City,1.59449,1.98619,2022-09-17
919,Leicester City,1.2497,1.22169,2022-10-03
920,Leicester City,1.18125,1.14891,2022-10-08
921,Leicester City,0.973426,0.346808,2022-10-15
922,Leicester City,0.655249,1.19464,2022-10-20
923,Leicester City,0.989075,1.61785,2022-10-23
924,Leicester City,0.693597,0.703827,2022-10-29
925,Leicester City,2.2679,1.3729,2022-11-05
926,Leicester City,1.60566,0.720721,2022-11-12
927,Leicester City,0.31099,1.76382,2022-12-26
928,Leicester City,0.863312,2.02463,2022-12-30
929,Leicester City,1.45221,1.33493,2023-01-03
930,Leicester City,0.803421,1.75313,2023-01-14
931,Leicester City,1.35941,1.94491,2023-01-21
932,Leicester City,2.49784,1.4989,2023-02-04
933,Leicester City,1.41208,1.11709,2023-02-11
934,Leicester City,1.39678,4.24663,2023-02-19
935,Leicester City,0.0203463,0.722059,2023-02-25
936,Leicester City,1.67051,1.34332,2023-03-04
937,Leicester City,2.36139,1.49478,2023-03-11
938,Leicester City,1.42133,0.476467,2023-03-18
939,Leicester City,0.198959,1.93471,2023-04-01
940,Leicester City,0.671597,1.00159,2023-04-04
941,Leicester City,0.731965,1.92396,2023-04-08
942,Leicester City,1.92692,1.60702,2023-04-15
943,Leicester City,2.66929,0.59626,2023-04-22
944,Leicester City,2.08594,2.09645,2023-04-25
945,Leicester City,3.32486,3.28648,2023-05-01
946,Leicester City,2.92566,1.75276,2023-05-08
947,Leicester City,0.527496,1.77085,2023-05-15
948,Leicester City,0.0839072,2.05089,2023-05-22
949,Leicester City,2.03013,0.970352,2023-05-28
950,Crystal Palace,1.20637,1.43601,2022-08-05
951,Crystal Palace,1.64468,2.23596,2022-08-15
952,Crystal Palace,2.91137,0.803828,2022-08-20
953,Crystal Palace,0.091976,2.3853,2022-08-27
954,Crystal Palace,0.777363,1.61808,2022-08-30
955,Crystal Palace,0.920595,2.90672,2022-09-03
956,Crystal Palace,0.70987,1.25506,2022-10-01
957,Crystal Palace,1.65194,1.06564,2022-10-09
958,Crystal Palace,0.346808,0.973426,2022-10-15
959,Crystal Palace,1.25617,0.857837,2022-10-18
960,Crystal Palace,0.597167,1.93396,2022-10-22
961,Crystal Palace,1.00384,1.35803,2022-10-29
962,Crystal Palace,1.03344,0.192579,2022-11-06
963,Crystal Palace,1.14552,1.23752,2022-11-12
964,Crystal Palace,0.421754,2.69927,2022-12-26
965,Crystal Palace,1.75264,0.895819,2022-12-31
966,Crystal Palace,0.787525,1.66514,2023-01-04
967,Crystal Palace,0.837366,2.12987,2023-01-15
968,Crystal Palace,0.413339,1.39437,2023-01-18
969,Crystal Palace,0.333154,1.44384,2023-01-21
970,Crystal Palace,1.3798,2.07035,2023-02-04
971,Crystal Palace,0.928279,2.64981,2023-02-11
972,Crystal Palace,1.12202,0.610105,2023-02-18
973,Crystal Palace,0.989086,1.35123,2023-02-25
974,Crystal Palace,0.152761,0.890605,2023-03-04
975,Crystal Palace,0.185498,2.1884,2023-03-11
976,Crystal Palace,1.21452,0.588727,2023-03-15
977,Crystal Palace,1.19194,1.53568,2023-03-19
978,Crystal Palace,1.93471,0.198959,2023-04-01
979,Crystal Palace,3.22687,1.02075,2023-04-09
980,Crystal Palace,0.86306,0.678449,2023-04-15
981,Crystal Palace,0.368137,0.433712,2023-04-22
982,Crystal Palace,0.580294,1.12829,2023-04-25
983,Crystal Palace,2.31888,1.98262,2023-04-29
984,Crystal Palace,0.306669,1.15665,2023-05-06
985,Crystal Palace,1.40237,0.262022,2023-05-13
986,Crystal Palace,1.70785,1.95519,2023-05-20
987,Crystal Palace,1.00786,0.436439,2023-05-28
988,Chelsea,1.92315,0.541983,2022-08-06
989,Chelsea,1.83945,1.58708,2022-08-14
990,Chelsea,0.692492,2.20971,2022-08-21
991,Chelsea,1.74916,1.96023,2022-08-27
992,Chelsea,1.5047,1.44086,2022-08-30
993,Chelsea,0.707333,1.4196,2022-09-03
994,Chelsea,1.25506,0.70987,2022-10-01
995,Chelsea,2.43092,0.748449,2022-10-08
996,Chelsea,1.23643,2.44542,2022-10-16
997,Chelsea,0.557405,1.45228,2022-10-19
998,Chelsea,1.20238,0.730935,2022-10-22
999,Chelsea,1.07554,2.881,2022-10-29
1000,Chelsea,0.278815,2.37846,2022-11-06
1001,Chelsea,0.359105,1.3601,2022-11-12
1002,Chelsea,1.91378,0.44307,2022-12-27
1003,Chelsea,1.37305,0.985219,2023-01-01
1004,Chelsea,0.493576,1.71972,2023-01-05
1005,Chelsea,2.39911,0.711266,2023-01-12
1006,Chelsea,2.12987,0.837366,2023-01-15
1007,Chelsea,1.84467,1.30125,2023-01-21
1008,Chelsea,1.41471,0.493341,2023-02-03
1009,Chelsea,0.900465,1.07615,2023-02-11
1010,Chelsea,1.61723,0.619532,2023-02-18
1011,Chelsea,0.262281,0.926313,2023-02-26
1012,Chelsea,1.8678,0.633995,2023-03-04
1013,Chelsea,1.49478,2.36139,2023-03-11
1014,Chelsea,1.90027,1.64675,2023-03-18
1015,Chelsea,2.38024,0.765794,2023-04-01
1016,Chelsea,2.18903,0.202217,2023-04-04
1017,Chelsea,0.815308,0.601153,2023-04-08
1018,Chelsea,0.46331,2.52107,2023-04-15
1019,Chelsea,1.21124,0.695344,2023-04-26
1020,Chelsea,0.785202,2.7832,2023-05-02
1021,Chelsea,1.76852,1.21755,2023-05-06
1022,Chelsea,0.999181,1.96797,2023-05-13
1023,Chelsea,1.15648,1.20557,2023-05-21
1024,Chelsea,1.68364,4.92231,2023-05-25
1025,Chelsea,2.01924,1.51899,2023-05-28
1026,West Ham,0.246188,2.58739,2022-08-07
1027,West Ham,2.08634,1.9717,2022-08-14
1028,West Ham,0.768634,1.82645,2022-08-21
1029,West Ham,0.334589,0.304555,2022-08-28
1030,West Ham,1.52267,0.723285,2022-08-31
1031,West Ham,1.4196,0.707333,2022-09-03
1032,West Ham,0.655351,0.39773,2022-09-18
1033,West Ham,1.03934,0.575988,2022-10-01
1034,West Ham,3.43676,0.549848,2022-10-09
1035,West Ham,1.70727,0.524479,2022-10-16
1036,West Ham,2.48649,2.24066,2022-10-19
1037,West Ham,1.97715,0.730443,2022-10-24
1038,West Ham,1.00033,1.7514,2022-10-30
1039,West Ham,0.192579,1.03344,2022-11-06
1040,West Ham,0.720721,1.60566,2022-11-12
1041,West Ham,1.02652,1.88828,2022-12-26
1042,West Ham,1.13979,1.51436,2022-12-30
1043,West Ham,1.29245,1.2577,2023-01-04
1044,West Ham,0.735105,0.806232,2023-01-14
1045,West Ham,2.46879,0.286826,2023-01-21
1046,West Ham,1.27831,1.22883,2023-02-04
1047,West Ham,1.07615,0.900465,2023-02-11
1048,West Ham,0.365173,1.43042,2023-02-19
1049,West Ham,3.05032,0.350849,2023-02-25
1050,West Ham,0.250045,3.49993,2023-03-04
1051,West Ham,2.14634,1.99139,2023-03-12
1052,West Ham,1.40363,0.318261,2023-04-02
1053,West Ham,0.83342,2.84091,2023-04-05
1054,West Ham,1.23261,0.456524,2023-04-08
1055,West Ham,1.96095,2.71782,2023-04-16
1056,West Ham,2.52322,0.974687,2023-04-23
1057,West Ham,0.939348,1.7045,2023-04-26
1058,West Ham,1.98262,2.31888,2023-04-29
1059,West Ham,0.492075,2.99908,2023-05-03
1060,West Ham,1.76618,1.1942,2023-05-07
1061,West Ham,0.203312,4.42571,2023-05-14
1062,West Ham,2.48001,0.645828,2023-05-21
1063,West Ham,0.970352,2.03013,2023-05-28
1064,Tottenham,1.6172,0.386546,2022-08-06
1065,Tottenham,1.58708,1.83945,2022-08-14
1066,Tottenham,1.46608,0.686123,2022-08-20
1067,Tottenham,2.44473,0.801369,2022-08-28
1068,Tottenham,0.723285,1.52267,2022-08-31
1069,Tottenham,2.67823,0.381556,2022-09-03
1070,Tottenham,1.98619,1.59449,2022-09-17
1071,Tottenham,1.5027,2.48403,2022-10-01
1072,Tottenham,0.771641,0.899735,2022-10-08
1073,Tottenham,2.49409,0.560039,2022-10-15
1074,Tottenham,0.658526,1.70973,2022-10-19
1075,Tottenham,1.56513,1.1294,2022-10-23
1076,Tottenham,2.1946,0.887533,2022-10-29
1077,Tottenham,1.81736,1.46548,2022-11-06
1078,Tottenham,2.58046,1.71731,2022-11-12
1079,Tottenham,0.883787,2.25263,2022-12-26
1080,Tottenham,0.569383,1.21733,2023-01-01
1081,Tottenham,1.66514,0.787525,2023-01-04
1082,Tottenham,1.71032,2.04232,2023-01-15
1083,Tottenham,1.16499,2.34166,2023-01-19
1084,Tottenham,0.993805,1.09339,2023-01-23
1085,Tottenham,1.42168,0.773747,2023-02-05
1086,Tottenham,1.11709,1.41208,2023-02-11
1087,Tottenham,1.43042,0.365173,2023-02-19
1088,Tottenham,0.926313,0.262281,2023-02-26
1089,Tottenham,1.25588,0.562477,2023-03-04
1090,Tottenham,1.73482,1.62805,2023-03-11
1091,Tottenham,1.88473,2.52077,2023-03-18
1092,Tottenham,1.39177,0.823365,2023-04-03
1093,Tottenham,0.594139,1.47549,2023-04-08
1094,Tottenham,2.30604,1.20598,2023-04-15
1095,Tottenham,0.883001,3.98532,2023-04-23
1096,Tottenham,2.37239,1.96508,2023-04-27
1097,Tottenham,1.44927,2.42911,2023-04-30
1098,Tottenham,1.15665,0.306669,2023-05-06
1099,Tottenham,1.18505,1.79987,2023-05-13
1100,Tottenham,1.61667,1.15344,2023-05-20
1101,Tottenham,2.03315,1.19151,2023-05-28
1102,Arsenal,1.43601,1.20637,2022-08-05
1103,Arsenal,3.0107,0.690679,2022-08-13
1104,Arsenal,1.71081,0.211335,2022-08-20
1105,Arsenal,2.47427,0.926007,2022-08-27
1106,Arsenal,2.79971,0.297168,2022-08-31
1107,Arsenal,1.42238,2.02904,2022-09-04
1108,Arsenal,1.32021,0.54011,2022-09-18
1109,Arsenal,2.48403,1.5027,2022-10-01
1110,Arsenal,2.81968,0.765151,2022-10-09
1111,Arsenal,0.821757,2.02232,2022-10-16
1112,Arsenal,1.57897,0.622653,2022-10-23
1113,Arsenal,3.00699,0.206127,2022-10-30
1114,Arsenal,2.37846,0.278815,2022-11-06
1115,Arsenal,2.27996,0.512339,2022-11-12
1116,Arsenal,1.88828,1.02652,2022-12-26
1117,Arsenal,3.22106,1.15663,2022-12-31
1118,Arsenal,0.970637,0.959523,2023-01-03
1119,Arsenal,2.04232,1.71032,2023-01-15
1120,Arsenal,2.90273,0.272246,2023-01-22
1121,Arsenal,0.690102,2.09191,2023-02-04
1122,Arsenal,1.36738,2.17538,2023-02-11
1123,Arsenal,1.70139,2.00841,2023-02-15
1124,Arsenal,2.85981,0.335752,2023-02-18
1125,Arsenal,0.722059,0.0203463,2023-02-25
1126,Arsenal,3.06919,1.604,2023-03-01
1127,Arsenal,2.46279,1.74267,2023-03-04
1128,Arsenal,2.64355,0.61832,2023-03-12
1129,Arsenal,1.53568,1.19194,2023-03-19
1130,Arsenal,3.29548,0.497609,2023-04-01
1131,Arsenal,1.53631,4.64012,2023-04-09
1132,Arsenal,2.71782,1.96095,2023-04-16
1133,Arsenal,2.39609,1.43063,2023-04-21
1134,Arsenal,0.398372,2.01168,2023-04-26
1135,Arsenal,2.7832,0.785202,2023-05-02
1136,Arsenal,1.29061,1.37224,2023-05-07
1137,Arsenal,0.958651,2.21276,2023-05-14
1138,Arsenal,0.4902,1.1397,2023-05-20
1139,Arsenal,3.02466,0.38772,2023-05-28
1140,Newcastle Utd,1.8591,0.235825,2022-08-06
1141,Newcastle Utd,0.183952,1.60835,2022-08-13
1142,Newcastle Utd,2.2127,3.67382,2022-08-21
1143,Newcastle Utd,1.93362,1.13248,2022-08-28
1144,Newcastle Utd,0.643546,1.76119,2022-08-31
1145,Newcastle Utd,2.90672,0.920595,2022-09-03
1146,Newcastle Utd,1.54758,0.976948,2022-09-17
1147,Newcastle Utd,4.67198,0.683701,2022-10-01
1148,Newcastle Utd,2.44631,1.13466,2022-10-08
1149,Newcastle Utd,0.78815,1.41606,2022-10-16
1150,Newcastle Utd,1.13393,0.0609567,2022-10-19
1151,Newcastle Utd,1.1294,1.56513,2022-10-23
1152,Newcastle Utd,4.18808,0.270814,2022-10-29
1153,Newcastle Utd,1.42101,1.65228,2022-11-06
1154,Newcastle Utd,1.3601,0.359105,2022-11-12
1155,Newcastle Utd,1.76382,0.31099,2022-12-26
1156,Newcastle Utd,2.78846,0.517099,2022-12-31
1157,Newcastle Utd,0.959523,0.970637,2023-01-03
1158,Newcastle Utd,1.96256,0.989872,2023-01-15
1159,Newcastle Utd,1.44384,0.333154,2023-01-21
1160,Newcastle Utd,1.22883,1.27831,2023-02-04
1161,Newcastle Utd,1.54853,1.54458,2023-02-11
1162,Newcastle Utd,1.74852,2.16549,2023-02-18
1163,Newcastle Utd,0.359809,1.34144,2023-03-04
1164,Newcastle Utd,2.45527,0.709895,2023-03-12
1165,Newcastle Utd,2.50027,0.531985,2023-03-17
1166,Newcastle Utd,3.33162,0.334127,2023-04-02
1167,Newcastle Utd,2.84091,0.83342,2023-04-05
1168,Newcastle Utd,1.02337,2.06521,2023-04-08
1169,Newcastle Utd,0.425086,1.91802,2023-04-15
1170,Newcastle Utd,3.98532,0.883001,2023-04-23
1171,Newcastle Utd,2.86368,0.777008,2023-04-27
1172,Newcastle Utd,3.91457,0.897175,2023-04-30
1173,Newcastle Utd,1.37224,1.29061,2023-05-07
1174,Newcastle Utd,2.35118,2.01567,2023-05-13
1175,Newcastle Utd,4.11359,0.593493,2023-05-18
1176,Newcastle Utd,2.05089,0.0839072,2023-05-22
1177,Newcastle Utd,1.51899,2.01924,2023-05-28
1178,Liverpool,2.34111,1.26822,2022-08-06
1179,Liverpool,2.23596,1.64468,2022-08-15
1180,Liverpool,1.52301,2.01764,2022-08-22
1181,Liverpool,4.86035,0.180991,2022-08-27
1182,Liverpool,1.76119,0.643546,2022-08-31
1183,Liverpool,1.38617,1.39169,2022-09-03
1184,Liverpool,2.1515,2.36567,2022-10-01
1185,Liverpool,0.765151,2.81968,2022-10-09
1186,Liverpool,1.9992,0.911493,2022-10-16
1187,Liverpool,2.24066,2.48649,2022-10-19
1188,Liverpool,2.19752,2.50163,2022-10-22
1189,Liverpool,1.90889,1.61271,2022-10-29
1190,Liverpool,1.46548,1.81736,2022-11-06
1191,Liverpool,2.74418,1.43427,2022-11-12
1192,Liverpool,3.50694,1.69155,2022-12-26
1193,Liverpool,2.02463,0.863312,2022-12-30
1194,Liverpool,2.10461,2.0991,2023-01-02
1195,Liverpool,1.28853,2.40062,2023-01-14
1196,Liverpool,1.30125,1.84467,2023-01-21
1197,Liverpool,1.30193,2.63328,2023-02-04
1198,Liverpool,2.23291,0.402331,2023-02-13
1199,Liverpool,2.16549,1.74852,2023-02-18
1200,Liverpool,1.35123,0.989086,2023-02-25
1201,Liverpool,2.70191,0.78681,2023-03-01
1202,Liverpool,3.44269,0.837542,2023-03-05
1203,Liverpool,2.13465,1.10128,2023-03-11
1204,Liverpool,0.318171,3.01243,2023-04-01
1205,Liverpool,0.202217,2.18903,2023-04-04
1206,Liverpool,4.64012,1.53631,2023-04-09
1207,Liverpool,2.65476,1.16748,2023-04-17
1208,Liverpool,3.32745,0.724666,2023-04-22
1209,Liverpool,1.7045,0.939348,2023-04-26
1210,Liverpool,2.42911,1.44927,2023-04-30
1211,Liverpool,1.67372,0.740125,2023-05-03
1212,Liverpool,1.992,0.183892,2023-05-06
1213,Liverpool,1.77085,0.527496,2023-05-15
1214,Liverpool,0.918508,1.46948,2023-05-20
1215,Liverpool,4.00345,1.33964,2023-05-28
1216,Manchester City,2.58739,0.246188,2022-08-07
1217,Manchester City,1.69064,0.123946,2022-08-13
1218,Manchester City,3.67382,2.2127,2022-08-21
1219,Manchester City,2.3853,0.091976,2022-08-27
1220,Manchester City,3.83759,0.729752,2022-08-31
1221,Manchester City,1.92143,0.279392,2022-09-03
1222,Manchester City,1.4242,0.310995,2022-09-17
1223,Manchester City,3.01103,1.71335,2022-10-02
1224,Manchester City,2.73536,0.101148,2022-10-08
1225,Manchester City,0.911493,1.9992,2022-10-16
1226,Manchester City,1.86239,0.52863,2022-10-22
1227,Manchester City,0.703827,0.693597,2022-10-29
1228,Manchester City,2.39332,0.843884,2022-11-05
1229,Manchester City,1.605,3.29012,2022-11-12
1230,Manchester City,4.16249,0.603751,2022-12-28
1231,Manchester City,2.36333,0.0760019,2022-12-31
1232,Manchester City,1.71972,0.493576,2023-01-05
1233,Manchester City,0.73695,1.98228,2023-01-14
1234,Manchester City,2.34166,1.16499,2023-01-19
1235,Manchester City,3.32757,0.469277,2023-01-22
1236,Manchester City,0.773747,1.42168,2023-02-05
1237,Manchester City,3.60987,0.275348,2023-02-12
1238,Manchester City,2.00841,1.70139,2023-02-15
1239,Manchester City,2.80966,1.12735,2023-02-18
1240,Manchester City,2.98206,1.08527,2023-02-25
1241,Manchester City,1.34144,0.359809,2023-03-04
1242,Manchester City,2.1884,0.185498,2023-03-11
1243,Manchester City,3.01243,0.318171,2023-04-01
1244,Manchester City,3.05999,0.492801,2023-04-08
1245,Manchester City,1.60702,1.92692,2023-04-15
1246,Manchester City,2.01168,0.398372,2023-04-26
1247,Manchester City,2.32338,0.431813,2023-04-30
1248,Manchester City,2.99908,0.492075,2023-05-03
1249,Manchester City,2.83472,0.140924,2023-05-06
1250,Manchester City,1.04338,1.18597,2023-05-14
1251,Manchester City,1.20557,1.15648,2023-05-21
1252,Manchester City,1.92973,2.11486,2023-05-24
1253,Manchester City,1.18649,1.43893,2023-05-28
1254,Manchester Utd,1.42103,1.7289,2022-08-07
1255,Manchester Utd,0.896038,1.38785,2022-08-13
1256,Manchester Utd,2.01764,1.52301,2022-08-22
1257,Manchester Utd,1.34359,1.35887,2022-08-27
1258,Manchester Utd,1.09969,0.615266,2022-09-01
1259,Manchester Utd,2.02904,1.42238,2022-09-04
1260,Manchester Utd,1.71335,3.01103,2022-10-02
1261,Manchester Utd,1.82612,0.365844,2022-10-09
1262,Manchester Utd,1.41606,0.78815,2022-10-16
1263,Manchester Utd,1.70973,0.658526,2022-10-19
1264,Manchester Utd,0.730935,1.20238,2022-10-22
1265,Manchester Utd,1.7514,1.00033,2022-10-30
1266,Manchester Utd,0.517189,0.578563,2022-11-06
1267,Manchester Utd,3.37664,1.70218,2022-11-13
1268,Manchester Utd,2.13668,0.477076,2022-12-27
1269,Manchester Utd,2.44728,0.587672,2022-12-31
1270,Manchester Utd,2.97383,0.679022,2023-01-03
1271,Manchester Utd,1.98228,0.73695,2023-01-14
1272,Manchester Utd,1.39437,0.413339,2023-01-18
1273,Manchester Utd,0.272246,2.90273,2023-01-22
1274,Manchester Utd,2.07035,1.3798,2023-02-04
1275,Manchester Utd,2.00007,0.554798,2023-02-08
1276,Manchester Utd,1.30375,1.89163,2023-02-12
1277,Manchester Utd,4.24663,1.39678,2023-02-19
1278,Manchester Utd,0.837542,3.44269,2023-03-05
1279,Manchester Utd,0.910911,1.18053,2023-03-12
1280,Manchester Utd,0.334127,3.33162,2023-04-02
1281,Manchester Utd,1.1445,0.64499,2023-04-05
1282,Manchester Utd,4.38578,0.949183,2023-04-08
1283,Manchester Utd,3.33747,1.05289,2023-04-16
1284,Manchester Utd,1.96508,2.37239,2023-04-27
1285,Manchester Utd,1.3056,0.434738,2023-04-30
1286,Manchester Utd,1.32105,2.09953,2023-05-04
1287,Manchester Utd,1.1942,1.76618,2023-05-07
1288,Manchester Utd,3.10118,0.268789,2023-05-13
1289,Manchester Utd,1.71783,0.815723,2023-05-20
1290,Manchester Utd,4.92231,1.68364,2023-05-25
1291,Manchester Utd,2.74766,1.88167,2023-05-28
1292,Brighton,1.7289,1.42103,2022-08-07
1293,Brighton,1.60835,0.183952,2022-08-13
1294,Brighton,1.82645,0.768634,2022-08-21
1295,Brighton,1.60986,1.14874,2022-08-27
1296,Brighton,1.75359,1.07093,2022-08-30
1297,Brighton,2.73166,1.06549,2022-09-04
1298,Brighton,2.36567,2.1515,2022-10-01
1299,Brighton,0.899735,0.771641,2022-10-08
1300,Brighton,2.15668,1.90636,2022-10-14
1301,Brighton,2.10188,0.195003,2022-10-18
1302,Brighton,0.52863,1.86239,2022-10-22
1303,Brighton,2.881,1.07554,2022-10-29
1304,Brighton,1.87375,1.29252,2022-11-05
1305,Brighton,0.829107,1.15437,2022-11-13
1306,Brighton,1.00714,1.70709,2022-12-26
1307,Brighton,1.15663,3.22106,2022-12-31
1308,Brighton,2.50731,1.16896,2023-01-03
1309,Brighton,2.40062,1.28853,2023-01-14
1310,Brighton,1.94491,1.35941,2023-01-21
1311,Brighton,2.55696,0.908298,2023-02-04
1312,Brighton,2.64981,0.928279,2023-02-11
1313,Brighton,2.71375,0.224214,2023-02-18
1314,Brighton,3.49993,0.250045,2023-03-04
1315,Brighton,1.51388,0.596738,2023-03-11
1316,Brighton,0.588727,1.21452,2023-03-15
1317,Brighton,3.8195,1.2788,2023-04-01
1318,Brighton,2.63392,1.15322,2023-04-04
1319,Brighton,1.47549,0.594139,2023-04-08
1320,Brighton,2.52107,0.46331,2023-04-15
1321,Brighton,2.33064,2.43846,2023-04-26
1322,Brighton,3.60471,0.603985,2023-04-29
1323,Brighton,2.09953,1.32105,2023-05-04
1324,Brighton,3.23717,2.94223,2023-05-08
1325,Brighton,2.21276,0.958651,2023-05-14
1326,Brighton,0.593493,4.11359,2023-05-18
1327,Brighton,2.41418,0.863659,2023-05-21
1328,Brighton,2.11486,1.92973,2023-05-24
1329,Brighton,1.23117,2.55845,2023-05-28
1330,Fulham,1.26822,2.34111,2022-08-06
1331,Fulham,1.08813,0.975375,2022-08-13
1332,Fulham,2.89934,1.59352,2022-08-20
1333,Fulham,0.926007,2.47427,2022-08-27
1334,Fulham,1.07093,1.75359,2022-08-30
1335,Fulham,0.381556,2.67823,2022-09-03
1336,Fulham,1.3496,1.41541,2022-09-16
1337,Fulham,0.683701,4.67198,2022-10-01
1338,Fulham,0.549848,3.43676,2022-10-09
1339,Fulham,1.61738,1.62829,2022-10-15
1340,Fulham,2.892,0.711487,2022-10-20
1341,Fulham,2.47512,1.96384,2022-10-23
1342,Fulham,1.76438,1.19166,2022-10-29
1343,Fulham,0.843884,2.39332,2022-11-05
1344,Fulham,1.70218,3.37664,2022-11-13
1345,Fulham,2.69927,0.421754,2022-12-26
1346,Fulham,1.49305,0.698711,2022-12-31
1347,Fulham,1.33493,1.45221,2023-01-03
1348,Fulham,0.711266,2.39911,2023-01-12
1349,Fulham,0.989872,1.96256,2023-01-15
1350,Fulham,1.09339,0.993805,2023-01-23
1351,Fulham,0.493341,1.41471,2023-02-03
1352,Fulham,1.69704,0.686824,2023-02-11
1353,Fulham,0.224214,2.71375,2023-02-18
1354,Fulham,0.913133,0.997097,2023-02-24
1355,Fulham,1.67531,2.44358,2023-03-06
1356,Fulham,0.61832,2.64355,2023-03-12
1357,Fulham,0.601049,3.14054,2023-04-01
1358,Fulham,0.456524,1.23261,2023-04-08
1359,Fulham,1.92209,2.24262,2023-04-15
1360,Fulham,1.43763,1.07482,2023-04-22
1361,Fulham,0.079864,0.839159,2023-04-25
1362,Fulham,0.431813,2.32338,2023-04-30
1363,Fulham,0.740125,1.67372,2023-05-03
1364,Fulham,1.75276,2.92566,2023-05-08
1365,Fulham,1.27085,0.149649,2023-05-13
1366,Fulham,1.95519,1.70785,2023-05-20
1367,Fulham,1.88167,2.74766,2023-05-28
1368,Wolves,1.10119,0.88917,2022-08-06
1369,Wolves,0.975375,1.08813,2022-08-13
1370,Wolves,0.686123,1.46608,2022-08-20
1371,Wolves,1.13248,1.93362,2022-08-28
1372,Wolves,1.53246,0.362035,2022-08-31
1373,Wolves,1.10039,1.20838,2022-09-03
1374,Wolves,0.310995,1.4242,2022-09-17
1375,Wolves,0.575988,1.03934,2022-10-01
1376,Wolves,0.748449,2.43092,2022-10-08
1377,Wolves,1.22368,1.24761,2022-10-15
1378,Wolves,0.857837,1.25617,2022-10-18
1379,Wolves,1.61785,0.989075,2022-10-23
1380,Wolves,0.557605,1.29257,2022-10-29
1381,Wolves,1.29252,1.87375,2022-11-05
1382,Wolves,0.512339,2.27996,2022-11-12
1383,Wolves,1.22076,1.22653,2022-12-26
1384,Wolves,0.587672,2.44728,2022-12-31
1385,Wolves,0.832522,1.03226,2023-01-04
1386,Wolves,0.806232,0.735105,2023-01-14
1387,Wolves,0.469277,3.32757,2023-01-22
1388,Wolves,2.63328,1.30193,2023-02-04
1389,Wolves,0.615651,1.30203,2023-02-11
1390,Wolves,0.911415,1.15274,2023-02-18
1391,Wolves,0.997097,0.913133,2023-02-24
1392,Wolves,0.78681,2.70191,2023-03-01
1393,Wolves,0.562477,1.25588,2023-03-04
1394,Wolves,0.709895,2.45527,2023-03-12
1395,Wolves,2.76358,1.6549,2023-03-18
1396,Wolves,0.383739,1.11441,2023-04-01
1397,Wolves,0.601153,0.815308,2023-04-08
1398,Wolves,0.93912,1.5133,2023-04-15
1399,Wolves,0.59626,2.66929,2023-04-22
1400,Wolves,1.12829,0.580294,2023-04-25
1401,Wolves,0.603985,3.60471,2023-04-29
1402,Wolves,0.80605,1.50158,2023-05-06
1403,Wolves,0.268789,3.10118,2023-05-13
1404,Wolves,1.28976,2.46976,2023-05-20
1405,Wolves,0.38772,3.02466,2023-05-28
1406,Brentford,0.931067,0.455695,2022-08-07
1407,Brentford,1.38785,0.896038,2022-08-13
1408,Brentford,1.59352,2.89934,2022-08-20
1409,Brentford,2.28391,1.65465,2022-08-27
1410,Brentford,1.61808,0.777363,2022-08-30
1411,Brentford,2.7485,1.796,2022-09-03
1412,Brentford,0.54011,1.32021,2022-09-18
1413,Brentford,1.046,0.758128,2022-10-01
1414,Brentford,1.13466,2.44631,2022-10-08
1415,Brentford,1.90636,2.15668,2022-10-14
1416,Brentford,1.45228,0.557405,2022-10-19
1417,Brentford,1.00462,3.45617,2022-10-23
1418,Brentford,1.29257,0.557605,2022-10-29
1419,Brentford,1.2204,1.29696,2022-11-05
1420,Brentford,3.29012,1.605,2022-11-12
1421,Brentford,2.25263,0.883787,2022-12-26
1422,Brentford,1.51436,1.13979,2022-12-30
1423,Brentford,2.0991,2.10461,2023-01-02
1424,Brentford,1.29815,0.269283,2023-01-14
1425,Brentford,0.17114,0.374736,2023-01-22
1426,Brentford,2.36747,0.644385,2023-02-04
1427,Brentford,2.17538,1.36738,2023-02-11
1428,Brentford,0.610105,1.12202,2023-02-18
1429,Brentford,2.44358,1.67531,2023-03-06
1430,Brentford,1.95088,1.71599,2023-03-11
1431,Brentford,1.66591,0.358977,2023-03-15
1432,Brentford,0.476467,1.42133,2023-03-18
1433,Brentford,1.2788,3.8195,2023-04-01
1434,Brentford,0.64499,1.1445,2023-04-05
1435,Brentford,2.06521,1.02337,2023-04-08
1436,Brentford,1.5133,0.93912,2023-04-15
1437,Brentford,2.03162,1.66602,2023-04-22
1438,Brentford,0.695344,1.21124,2023-04-26
1439,Brentford,1.32059,0.939693,2023-04-29
1440,Brentford,0.183892,1.992,2023-05-06
1441,Brentford,4.42571,0.203312,2023-05-14
1442,Brentford,1.15344,1.61667,2023-05-20
1443,Brentford,1.43893,1.18649,2023-05-28
1444,Leeds United,0.88917,1.10119,2022-08-06
1445,Leeds United,1.99694,1.40906,2022-08-13
1446,Leeds United,2.20971,0.692492,2022-08-21
1447,Leeds United,1.14874,1.60986,2022-08-27
1448,Leeds United,1.04551,1.17189,2022-08-30
1449,Leeds United,1.796,2.7485,2022-09-03
1450,Leeds United,0.298626,1.89645,2022-10-02
1451,Leeds United,1.06564,1.65194,2022-10-09
1452,Leeds United,2.02232,0.821757,2022-10-16
1453,Leeds United,1.19464,0.655249,2022-10-20
1454,Leeds United,1.96384,2.47512,2022-10-23
1455,Leeds United,1.61271,1.90889,2022-10-29
1456,Leeds United,2.22532,1.55594,2022-11-05
1457,Leeds United,1.71731,2.58046,2022-11-12
1458,Leeds United,0.603751,4.16249,2022-12-28
1459,Leeds United,0.517099,2.78846,2022-12-31
1460,Leeds United,1.2577,1.29245,2023-01-04
1461,Leeds United,2.46295,1.64599,2023-01-13
1462,Leeds United,0.374736,0.17114,2023-01-22
1463,Leeds United,1.12331,0.3325,2023-02-05
1464,Leeds United,0.554798,2.00007,2023-02-08
1465,Leeds United,1.89163,1.30375,2023-02-12
1466,Leeds United,0.597403,1.53811,2023-02-18
1467,Leeds United,0.720048,0.391128,2023-02-25
1468,Leeds United,0.633995,1.8678,2023-03-04
1469,Leeds United,0.596738,1.51388,2023-03-11
1470,Leeds United,1.6549,2.76358,2023-03-18
1471,Leeds United,0.497609,3.29548,2023-04-01
1472,Leeds United,2.43248,0.613917,2023-04-04
1473,Leeds United,1.02075,3.22687,2023-04-09
1474,Leeds United,1.16748,2.65476,2023-04-17
1475,Leeds United,1.07482,1.43763,2023-04-22
1476,Leeds United,2.09645,2.08594,2023-04-25
1477,Leeds United,1.33691,2.51723,2023-04-30
1478,Leeds United,0.140924,2.83472,2023-05-06
1479,Leeds United,2.01567,2.35118,2023-05-13
1480,Leeds United,0.645828,2.48001,2023-05-21
1481,Leeds United,1.19151,2.03315,2023-05-28
1482,Nott'ham Forest,0.235825,1.8591,2022-08-06
1483,Nott'ham Forest,1.9717,2.08634,2022-08-14
1484,Nott'ham Forest,0.918315,1.43408,2022-08-20
1485,Nott'ham Forest,0.801369,2.44473,2022-08-28
1486,Nott'ham Forest,0.729752,3.83759,2022-08-31
1487,Nott'ham Forest,1.32895,0.905041,2022-09-03
1488,Nott'ham Forest,1.41541,1.3496,2022-09-16
1489,Nott'ham Forest,1.22169,1.2497,2022-10-03
1490,Nott'ham Forest,0.221346,0.657187,2022-10-10
1491,Nott'ham Forest,1.24761,1.22368,2022-10-15
1492,Nott'ham Forest,0.195003,2.10188,2022-10-18
1493,Nott'ham Forest,2.50163,2.19752,2022-10-22
1494,Nott'ham Forest,0.206127,3.00699,2022-10-30
1495,Nott'ham Forest,1.29696,1.2204,2022-11-05
1496,Nott'ham Forest,1.23752,1.14552,2022-11-12
1497,Nott'ham Forest,0.477076,2.13668,2022-12-27
1498,Nott'ham Forest,0.985219,1.37305,2023-01-01
1499,Nott'ham Forest,1.22324,0.62937,2023-01-04
1500,Nott'ham Forest,1.75313,0.803421,2023-01-14
1501,Nott'ham Forest,1.57544,1.80549,2023-01-21
1502,Nott'ham Forest,0.3325,1.12331,2023-02-05
1503,Nott'ham Forest,0.686824,1.69704,2023-02-11
1504,Nott'ham Forest,1.12735,2.80966,2023-02-18
1505,Nott'ham Forest,0.350849,3.05032,2023-02-25
1506,Nott'ham Forest,0.799733,1.70877,2023-03-05
1507,Nott'ham Forest,1.62805,1.73482,2023-03-11
1508,Nott'ham Forest,0.531985,2.50027,2023-03-17
1509,Nott'ham Forest,1.11441,0.383739,2023-04-01
1510,Nott'ham Forest,0.613917,2.43248,2023-04-04
1511,Nott'ham Forest,0.232452,1.42718,2023-04-08
1512,Nott'ham Forest,1.05289,3.33747,2023-04-16
1513,Nott'ham Forest,0.724666,3.32745,2023-04-22
1514,Nott'ham Forest,2.43846,2.33064,2023-04-26
1515,Nott'ham Forest,0.939693,1.32059,2023-04-29
1516,Nott'ham Forest,1.91326,3.31096,2023-05-08
1517,Nott'ham Forest,1.96797,0.999181,2023-05-13
1518,Nott'ham Forest,1.1397,0.4902,2023-05-20
1519,Nott'ham Forest,0.436439,1.00786,2023-05-28
1520,Aston Villa,1.486,4.32208,2023-08-12
1521,Aston Villa,3.24336,0.721465,2023-08-20
1522,Aston Villa,2.83691,0.630605,2023-08-27
1523,Everton,2.59001,1.58144,2023-08-12
1524,Everton,0.721465,3.24336,2023-08-20
1525,Everton,1.89792,1.40228,2023-08-26
1526,Bournemouth,1.51025,1.4834,2023-08-12
1527,Bournemouth,1.3867,3.25448,2023-08-19
1528,Bournemouth,0.483582,2.26115,2023-08-26
1529,Crystal Palace,2.27616,0.422704,2023-08-12
1530,Crystal Palace,1.06916,2.20593,2023-08-21
1531,Crystal Palace,1.06061,0.948011,2023-08-26
1532,Chelsea,1.93258,1.29994,2023-08-13
1533,Chelsea,1.60916,1.71234,2023-08-20
1534,Chelsea,3.41419,0.465741,2023-08-25
1535,West Ham,1.4834,1.51025,2023-08-12
1536,West Ham,1.71234,1.60916,2023-08-20
1537,West Ham,2.9527,1.3743,2023-08-26
1538,West Ham,1.22528,2.02244,2023-09-01
1539,Tottenham,1.45316,1.90756,2023-08-13
1540,Tottenham,2.53904,2.44604,2023-08-19
1541,Tottenham,2.26115,0.483582,2023-08-26
1542,Arsenal,0.84262,0.966305,2023-08-12
1543,Arsenal,2.20593,1.06916,2023-08-21
1544,Arsenal,3.23088,0.849817,2023-08-26
1545,Newcastle Utd,4.32208,1.486,2023-08-12
1546,Newcastle Utd,0.257154,1.22528,2023-08-19
1547,Newcastle Utd,1.62037,0.856121,2023-08-27
1548,Liverpool,1.29994,1.93258,2023-08-13
1549,Liverpool,3.25448,1.3867,2023-08-19
1550,Liverpool,0.856121,1.62037,2023-08-27
1551,Manchester City,2.40074,0.311032,2023-08-11
1552,Manchester City,1.22528,0.257154,2023-08-19
1553,Manchester City,3.84804,0.762232,2023-08-27
1554,Manchester Utd,1.97087,1.72228,2023-08-14
1555,Manchester Utd,2.44604,2.53904,2023-08-19
1556,Manchester Utd,3.02803,0.960354,2023-08-26
1557,Burnley,0.311032,2.40074,2023-08-11
1558,Burnley,0.630605,2.83691,2023-08-27
1559,Brighton,4.36748,1.88594,2023-08-12
1560,Brighton,3.15562,2.68821,2023-08-19
1561,Brighton,1.3743,2.9527,2023-08-26
1562,Fulham,1.58144,2.59001,2023-08-12
1563,Fulham,0.399899,3.46888,2023-08-19
1564,Fulham,0.849817,3.23088,2023-08-26
1565,Wolves,1.72228,1.97087,2023-08-14
1566,Wolves,2.68821,3.15562,2023-08-19
1567,Wolves,1.40228,1.89792,2023-08-26
1568,Sheffield Utd,0.422704,2.27616,2023-08-12
1569,Sheffield Utd,0.551038,1.37181,2023-08-18
1570,Sheffield Utd,0.762232,3.84804,2023-08-27
1571,Brentford,1.90756,1.45316,2023-08-13
1572,Brentford,3.46888,0.399899,2023-08-19
1573,Brentford,0.948011,1.06061,2023-08-26
1574,Nott'ham Forest,0.966305,0.84262,2023-08-12
1575,Nott'ham Forest,1.37181,0.551038,2023-08-18
1576,Nott'ham Forest,0.960354,3.02803,2023-08-26
1577,Luton Town,1.88594,4.36748,2023-08-12
1578,Luton Town,0.465741,3.41419,2023-08-25
1579,Luton Town,2.02244,1.22528,2023-09-01
